content_id,page_slug,page_group,hub,title,content_type,parent_page_slug,parent_keyword_family,content_role,cluster_name,target_keyword,target_market,target_language,funnel_stage,priority,feature_set,pricing_visibility,primary_internal_link_target,secondary_internal_link_targets,serp_intent_type,refresh_priority,owner,status,brief_status,due_date,publish_date,refresh_date,publish_wave,notes
PT-SEO-001,/,homepage,platform,Homepage messaging refresh,homepage,,,money_page,platform_identity,smart identity platform,IN+GLOBAL,en,MOFU,P1,digital_profiles|nfc_sharing|qr_sharing|ai_review_assist|analytics|account_collaborators|multi_account_team_management|multi_profile_type_profiles|call_masking|whatsapp_masking|theme_library|advanced_creator_analytics,contextual,,,commercial_informational,high,,draft_ready,draft_ready,,,,launch,homepage must list the full feature inventory once
PT-SEO-002,/business-identity,solution_hub,business,Business Identity hub page,solution_hub,,,money_page,business_identity,business identity management platform,IN+GLOBAL,en,MOFU,P1,digital_profiles|nfc_sharing|qr_sharing|ai_review_assist|analytics|account_collaborators|multi_account_team_management|multi_profile_type_profiles|call_masking|whatsapp_masking|theme_library,contextual,,,commercial_informational,high,,draft_ready,draft_ready,,,,launch,launch-core business hub keyword pending full import
PT-SEO-003,/creator-identity,solution_hub,creator,Creator Identity hub page,solution_hub,,,money_page,creator_identity,personal branding platform india,IN+GLOBAL,en,MOFU,P1,digital_profiles|nfc_sharing|qr_sharing|ai_review_assist|analytics|account_collaborators|multi_account_team_management|multi_profile_type_profiles|theme_library|advanced_creator_analytics,contextual,,,commercial_informational,high,,draft_ready,draft_ready,,,,launch,launch-core creator hub keyword pending full import
PT-SEO-004,/family-safety-profile,solution_hub,family_safety,Family Safety hub page,solution_hub,,,money_page,family_safety,family safety profile,IN+GLOBAL,en,MOFU,P1,digital_profiles|qr_sharing|multi_profile_type_profiles|call_masking|whatsapp_masking|theme_library,contextual,,,commercial_informational,high,,draft_ready,draft_ready,,,,launch,launch-core family hub keyword pending full import
PT-SEO-005,/pet-id-profile,solution_hub,pet,Pet ID hub page,solution_hub,,,money_page,pet_identity,pet id tag qr code,IN+GLOBAL,en,MOFU,P1,digital_profiles|qr_sharing|multi_profile_type_profiles|theme_library,contextual,,,commercial_informational,high,,draft_ready,draft_ready,,,,launch,launch-core pet hub keyword pending full import
PT-SEO-006,/travel-profile,solution_hub,travel,Travel Profile hub page,solution_hub,,,money_page,travel_identity,travel qr code,IN+GLOBAL,en,MOFU,P1,digital_profiles|qr_sharing|multi_profile_type_profiles|call_masking|whatsapp_masking|theme_library,contextual,,,commercial_informational,high,,draft_ready,draft_ready,,,,launch,launch-core travel hub keyword pending full import
PT-SEO-007,/vehicle-profile,solution_hub,vehicle,Vehicle Profile hub page,solution_hub,,,money_page,vehicle_identity,vehicle qr code,IN+GLOBAL,en,MOFU,P1,digital_profiles|qr_sharing|multi_profile_type_profiles|call_masking|whatsapp_masking|theme_library,contextual,,,commercial_informational,high,,draft_ready,draft_ready,,,,launch,launch-core vehicle hub keyword pending full import
PT-SEO-008,/digital-business-card-india,category,business,Digital Business Card India landing page,category_page,,,money_page,digital_business_cards,digital business card india,IN,en,BOFU,P1,digital_profiles|nfc_sharing|qr_sharing|ai_review_assist|analytics|account_collaborators|multi_account_team_management|multi_profile_type_profiles|call_masking|whatsapp_masking|theme_library,contextual,,,transactional,high,,planned,brief_pending,,,,post_launch_q1,business child page
PT-SEO-009,/nfc-business-card-india,category,business,NFC Business Card India landing page,category_page,,,money_page,nfc_business_cards,nfc business card india,IN,en,BOFU,P1,digital_profiles|nfc_sharing|qr_sharing|analytics|account_collaborators|multi_account_team_management|call_masking|whatsapp_masking|theme_library,contextual,,,transactional,high,,planned,brief_pending,,,,post_launch_q1,business child page
PT-SEO-010,/qr-business-card,category,business,QR Business Card landing page,category_page,,,money_page,qr_business_cards,qr business card,IN+GLOBAL,en,BOFU,P1,digital_profiles|qr_sharing|analytics|account_collaborators|multi_account_team_management|call_masking|whatsapp_masking|theme_library,contextual,,,transactional,high,,planned,brief_pending,,,,post_launch_q1,business child page
PT-SEO-011,/digital-business-card-for-doctors,use_case,business,Digital Business Card for Doctors use case page,use_case_page,,,money_page,doctor_identity,digital business card for doctors,IN,en,BOFU,P1,digital_profiles|nfc_sharing|qr_sharing|ai_review_assist|analytics|account_collaborators|multi_account_team_management|call_masking|whatsapp_masking|theme_library,contextual,,,transactional,high,,planned,brief_pending,,,,post_launch_q2,business profession page
PT-SEO-012,/digital-business-card-for-real-estate-agents,use_case,business,Digital Business Card for Real Estate Agents use case page,use_case_page,,,money_page,real_estate_identity,digital business card for real estate agents,IN,en,BOFU,P1,digital_profiles|nfc_sharing|qr_sharing|ai_review_assist|analytics|account_collaborators|multi_account_team_management|call_masking|whatsapp_masking|theme_library,contextual,,,transactional,high,,planned,brief_pending,,,,post_launch_q2,business profession page
PT-SEO-013,/digital-business-card-for-freelancers,use_case,business,Digital Business Card for Freelancers use case page,use_case_page,,,money_page,freelancer_identity,digital business card for freelancers,IN,en,BOFU,P1,digital_profiles|nfc_sharing|qr_sharing|ai_review_assist|analytics|multi_account_team_management|multi_profile_type_profiles|theme_library,contextual,,,transactional,high,,planned,brief_pending,,,,post_launch_q2,business profession page
PT-SEO-014,/digital-business-card-for-creators,use_case,creator,Digital Business Card for Creators use case page,use_case_page,,,money_page,creator_identity,digital business card for creators,IN+GLOBAL,en,BOFU,P2,digital_profiles|nfc_sharing|qr_sharing|ai_review_assist|analytics|account_collaborators|multi_account_team_management|multi_profile_type_profiles|theme_library|advanced_creator_analytics,contextual,,,transactional,high,,planned,brief_pending,,,,post_launch_q1,creator child page
PT-SEO-015,/hihello-alternative-india,comparison,business,HiHello Alternative India comparison page,comparison_page,,,money_page,hihello_comparison,hihello alternative india,IN,en,BOFU,P1,digital_profiles|nfc_sharing|qr_sharing|analytics|account_collaborators|multi_account_team_management|call_masking|whatsapp_masking|theme_library,contextual,,,comparison,high,,planned,brief_pending,,,,post_launch_q1,business comparison page
PT-SEO-016,/popl-alternative-india,comparison,business,Popl Alternative India comparison page,comparison_page,,,money_page,popl_comparison,popl alternative india,IN,en,BOFU,P1,digital_profiles|nfc_sharing|qr_sharing|analytics|account_collaborators|multi_account_team_management|call_masking|whatsapp_masking|theme_library,contextual,,,comparison,high,,planned,brief_pending,,,,post_launch_q1,business comparison page
PT-SEO-017,/taponn-alternative,comparison,business,TapOnn Alternative comparison page,comparison_page,,,money_page,taponn_comparison,taponn alternative,IN,en,BOFU,P1,digital_profiles|nfc_sharing|qr_sharing|analytics|account_collaborators|multi_account_team_management|call_masking|whatsapp_masking|theme_library,contextual,,,comparison,high,,planned,brief_pending,,,,post_launch_q1,business comparison page
PT-SEO-018,/blinq-alternative,comparison,business,Blinq Alternative comparison page,comparison_page,,,money_page,blinq_comparison,blinq alternative,IN+GLOBAL,en,BOFU,P2,digital_profiles|nfc_sharing|qr_sharing|analytics|account_collaborators|multi_account_team_management|call_masking|whatsapp_masking|theme_library,contextual,,,comparison,high,,planned,brief_pending,,,,post_launch_q2,business comparison page
PT-SEO-019,/linktree-alternative-for-creators,comparison,creator,Linktree Alternative for Creators comparison page,comparison_page,,,money_page,linktree_comparison,linktree alternative for creators,IN+GLOBAL,en,BOFU,P2,digital_profiles|qr_sharing|ai_review_assist|analytics|multi_profile_type_profiles|theme_library|advanced_creator_analytics,contextual,,,comparison,high,,planned,brief_pending,,,,post_launch_q2,creator comparison page
PT-SEO-020,/tapmo-alternative,comparison,business,TapMo Alternative comparison page,comparison_page,,,money_page,tapmo_comparison,tapmo alternative,IN,en,BOFU,P1,digital_profiles|nfc_sharing|qr_sharing|analytics|account_collaborators|multi_account_team_management|call_masking|whatsapp_masking|theme_library,contextual,,,comparison,high,,planned,brief_pending,,,,post_launch_q1,business comparison page
PT-SEO-021,/profiletap-vs-hihello,comparison,business,ProfileTap vs HiHello comparison page,comparison_page,,,money_page,hihello_comparison,profiletap vs hihello,IN+GLOBAL,en,BOFU,P2,digital_profiles|nfc_sharing|qr_sharing|analytics|account_collaborators|multi_account_team_management|call_masking|whatsapp_masking|theme_library,contextual,,,comparison,high,,planned,brief_pending,,,,post_launch_q2,head-to-head comparison page
PT-SEO-022,/profiletap-vs-tapmo,comparison,business,ProfileTap vs TapMo comparison page,comparison_page,,,money_page,tapmo_comparison,profiletap vs tapmo,IN+GLOBAL,en,BOFU,P2,digital_profiles|nfc_sharing|qr_sharing|analytics|account_collaborators|multi_account_team_management|call_masking|whatsapp_masking|theme_library,contextual,,,comparison,high,,planned,brief_pending,,,,post_launch_q2,head-to-head comparison page
PT-SEO-023,/business-ai,category,business,ProfileTap Business AI — Smart AI Tools for Indian Businesses,category_page,/business-identity,business identity management platform,money_page,business_ai,ai tools for small business india,IN,en,BOFU,P1,digital_profiles|nfc_sharing|qr_sharing|ai_review_assist|business_ai|analytics|account_collaborators|multi_account_team_management|multi_profile_type_profiles|call_masking|whatsapp_masking|theme_library,contextual,/business-identity,,commercial_informational,high,,draft_ready,draft_ready,,,,post_launch_q1,business AI tools category page
PT-SEO-024,/blog/nfc-business-card-vs-qr-code,blog,business,NFC Business Card vs QR Code blog post,blog_post,/nfc-business-card-india,nfc business card india,comparison,nfc_business_cards,nfc business card vs qr code,IN+GLOBAL,en,MOFU,P3,digital_profiles|nfc_sharing|qr_sharing|analytics,contextual,/nfc-business-card-india,/qr-business-card,comparison,medium,,draft_ready,draft_ready,,,,later,support page for business hub
PT-SEO-025,/blog/paper-vs-digital-business-card,blog,business,Paper Business Card vs Digital Business Card blog post,blog_post,/digital-business-card-india,digital business card india,comparison,digital_business_cards,paper business card vs digital business card,IN+GLOBAL,en,MOFU,P3,digital_profiles|qr_sharing|analytics|call_masking|whatsapp_masking,contextual,/digital-business-card-india,/nfc-business-card-india|/qr-business-card,comparison,medium,,draft_ready,draft_ready,,,,later,support page for business hub
PT-SEO-026,/blog/best-digital-business-card-for-doctors-india,blog,business,Best Digital Business Card for Doctors in India blog post,blog_post,/digital-business-card-for-doctors,digital business card for doctors,use_case_support,doctor_identity,best digital business card for doctors in india,IN,en,MOFU,P3,digital_profiles|ai_review_assist|qr_sharing|analytics,contextual,/digital-business-card-for-doctors,/digital-business-card-india,commercial_informational,high,,draft_ready,draft_ready,,,,later,support page for doctor use case
PT-SEO-027,/blog/how-to-create-digital-business-card,blog,business,How to Create a Digital Business Card for Your Business blog post,blog_post,/digital-business-card-india,digital business card india,how_to,digital_business_cards,how to create a digital business card for your business,IN+GLOBAL,en,TOFU,P3,digital_profiles|qr_sharing|analytics,contextual,/digital-business-card-india,/nfc-business-card-india|/qr-business-card,informational,medium,,draft_ready,draft_ready,,,,later,support page for business hub
PT-SEO-028,/blog/how-to-build-personal-brand-online,blog,creator,How to Build a Personal Brand Online as a Creator,blog_post,/creator-identity,personal branding platform india,how_to,creator_identity,how to build personal brand online,IN+GLOBAL,en,TOFU,P3,digital_profiles|nfc_sharing|qr_sharing|analytics|advanced_creator_analytics,contextual,/creator-identity,/digital-business-card-for-creators,informational,medium,,draft_ready,draft_ready,,,,later,support page for creator hub
PT-SEO-029,/blog/best-link-in-bio-tools-india,blog,creator,Best Link in Bio Tools for Creators in India,blog_post,/linktree-alternative-for-creators,linktree alternative for creators,comparison,linktree_comparison,best link in bio tools india,IN,en,MOFU,P3,digital_profiles|qr_sharing|analytics|multi_profile_type_profiles|advanced_creator_analytics,contextual,/linktree-alternative-for-creators,/creator-identity,comparison,medium,,draft_ready,draft_ready,,,,later,support page for creator comparison
PT-SEO-030,/blog/digital-business-card-for-influencers-guide,blog,creator,Digital Business Card for Influencers: Complete Guide,blog_post,/digital-business-card-for-creators,digital business card for creators,how_to,creator_identity,digital business card for influencers guide,IN+GLOBAL,en,TOFU,P3,digital_profiles|nfc_sharing|qr_sharing|analytics|advanced_creator_analytics,contextual,/digital-business-card-for-creators,/creator-identity,informational,medium,,draft_ready,draft_ready,,,,later,support page for creator use case
PT-SEO-031,/blog/emergency-contact-card-for-kids,blog,family_safety,Emergency Contact Card for Kids: QR Safety Guide,blog_post,/family-safety-profile,family safety profile,how_to,family_safety,emergency contact card for kids,IN+GLOBAL,en,TOFU,P3,digital_profiles|qr_sharing|multi_profile_type_profiles|call_masking,contextual,/family-safety-profile,/emergency-qr-code,informational,medium,,draft_ready,draft_ready,,,,later,support page for family safety hub
PT-SEO-032,/blog/child-safety-tags-guide-india,blog,family_safety,Child Safety Tags Guide: Best Options in India,blog_post,/family-safety-profile,family safety profile,examples,family_safety,child safety tags india,IN,en,MOFU,P3,digital_profiles|qr_sharing|multi_profile_type_profiles,contextual,/family-safety-profile,/emergency-qr-code,commercial_informational,medium,,draft_ready,draft_ready,,,,later,support page for family safety hub
PT-SEO-033,/blog/medical-emergency-qr-code-guide,blog,family_safety,Medical Emergency QR Code: How It Works and Why You Need One,blog_post,/emergency-qr-code,emergency qr code,definition,family_safety,medical emergency qr code,IN+GLOBAL,en,TOFU,P3,digital_profiles|qr_sharing|call_masking|whatsapp_masking,contextual,/emergency-qr-code,/family-safety-profile,informational,medium,,draft_ready,draft_ready,,,,later,support page for emergency QR category
PT-SEO-034,/blog/how-pet-qr-tags-work,blog,pet,How Pet QR Tags Work: Complete Guide to Pet ID,blog_post,/pet-id-profile,pet id tag qr code,definition,pet_identity,how pet qr tags work,IN+GLOBAL,en,TOFU,P3,digital_profiles|qr_sharing|multi_profile_type_profiles,contextual,/pet-id-profile,/lost-and-found-qr-tag,informational,medium,,draft_ready,draft_ready,,,,later,support page for pet hub
PT-SEO-035,/blog/best-pet-id-solutions-india,blog,pet,Best Pet ID Solutions in India: Tags and QR Codes,blog_post,/pet-id-profile,pet id tag qr code,examples,pet_identity,best pet id solutions india,IN,en,MOFU,P3,digital_profiles|qr_sharing|multi_profile_type_profiles,contextual,/pet-id-profile,/lost-and-found-qr-tag,commercial_informational,medium,,draft_ready,draft_ready,,,,later,support page for pet hub
PT-SEO-036,/blog/lost-pet-prevention-tips-qr,blog,pet,Lost Pet Prevention: How QR Tags Help Reunite Pets,blog_post,/lost-and-found-qr-tag,lost and found qr tag,problem_solution,pet_identity,lost pet prevention tips,IN+GLOBAL,en,TOFU,P3,digital_profiles|qr_sharing|multi_profile_type_profiles,contextual,/lost-and-found-qr-tag,/pet-id-profile,informational,medium,,draft_ready,draft_ready,,,,later,support page for lost and found category
PT-SEO-037,/blog/travel-safety-tips-qr-codes,blog,travel,Travel Safety Tips: How QR Codes Protect You Abroad,blog_post,/travel-profile,travel qr code,how_to,travel_identity,travel safety tips qr codes,IN+GLOBAL,en,TOFU,P3,digital_profiles|qr_sharing|call_masking|whatsapp_masking,contextual,/travel-profile,/qr-luggage-tag,informational,medium,,draft_ready,draft_ready,,,,later,support page for travel hub
PT-SEO-038,/blog/smart-luggage-tag-guide,blog,travel,Smart Luggage Tags: QR vs Bluetooth vs AirTag,blog_post,/qr-luggage-tag,qr luggage tag,comparison,travel_identity,smart luggage tag guide,IN+GLOBAL,en,MOFU,P3,digital_profiles|qr_sharing|multi_profile_type_profiles,contextual,/qr-luggage-tag,/travel-profile,comparison,medium,,draft_ready,draft_ready,,,,later,support page for luggage tag category
PT-SEO-039,/blog/parking-contact-qr-code-guide,blog,vehicle,Parking Contact QR Code: Stop Wrong Parking Hassles,blog_post,/vehicle-qr-code-sticker,vehicle qr code sticker,problem_solution,vehicle_identity,parking contact qr code,IN,en,TOFU,P3,digital_profiles|qr_sharing|call_masking|whatsapp_masking,contextual,/vehicle-qr-code-sticker,/vehicle-profile,informational,medium,,draft_ready,draft_ready,,,,later,support page for vehicle sticker category
PT-SEO-040,/blog/vehicle-emergency-sticker-guide,blog,vehicle,Vehicle Emergency Sticker Guide: QR Codes for Car Safety,blog_post,/vehicle-profile,vehicle qr code,how_to,vehicle_identity,vehicle emergency sticker guide,IN+GLOBAL,en,TOFU,P3,digital_profiles|qr_sharing|call_masking|whatsapp_masking,contextual,/vehicle-profile,/vehicle-qr-code-sticker,informational,medium,,draft_ready,draft_ready,,,,later,support page for vehicle hub
PT-SEO-041,/blog/bike-qr-code-tag-india,blog,vehicle,Bike QR Code Tag: How Two-Wheeler Owners Use Smart Tags in India,blog_post,/vehicle-qr-code-sticker,vehicle qr code sticker,use_case_support,vehicle_identity,bike qr code tag india,IN,en,MOFU,P3,digital_profiles|qr_sharing|call_masking,contextual,/vehicle-qr-code-sticker,/vehicle-profile,commercial_informational,medium,,draft_ready,draft_ready,,,,later,support page for vehicle sticker category
PT-SEO-042,/ai-review-assist,category,business,AI Review Assist for Business,category_page,/business-identity,business identity management platform,money_page,business_ai,ai review management,IN+GLOBAL,en,BOFU,P2,digital_profiles|qr_sharing|ai_review_assist|analytics|account_collaborators|multi_account_team_management|theme_library,contextual,/business-identity,,commercial_informational,high,,planned,brief_pending,,,,post_launch_q2,business AI review assist category page
PT-SEO-043,/google-review-management,category,business,Google Review Management,category_page,/business-identity,business identity management platform,money_page,business_ai,google review management,IN+GLOBAL,en,BOFU,P2,digital_profiles|qr_sharing|ai_review_assist|analytics|account_collaborators|multi_account_team_management|theme_library,contextual,/business-identity,,commercial_informational,high,,planned,brief_pending,,,,post_launch_q2,Google review management category page
PT-SEO-044,/blog/how-to-use-nfc-business-card,blog,business,How to Use an NFC Business Card: Complete Guide,blog_post,/nfc-business-card-india,nfc business card india,how_to,nfc_business_cards,how to use nfc business card,IN,en,TOFU,P3,digital_profiles|nfc_sharing|qr_sharing|analytics,contextual,/nfc-business-card-india,/digital-business-card-india,informational,medium,,draft_ready,draft_ready,,,,later,support page for NFC business card category
PT-SEO-045,/blog/best-instagram-bio-ideas-for-creators,blog,creator,Best Instagram Bio Ideas for Creators in 2026,blog_post,/creator-identity,personal branding platform india,examples,creator_identity,best instagram bio ideas for creators,IN+GLOBAL,en,TOFU,P3,digital_profiles|qr_sharing|analytics|multi_profile_type_profiles|advanced_creator_analytics,contextual,/creator-identity,/linktree-alternative-for-creators,informational,medium,,draft_ready,draft_ready,,,,later,support page for creator hub
PT-SEO-046,/blog/how-to-make-dog-id-tag-qr,blog,pet,How to Make a Dog ID Tag with QR Code,blog_post,/pet-id-profile,pet id tag qr code,how_to,pet_identity,how to make dog id tag qr code,IN+GLOBAL,en,TOFU,P3,digital_profiles|qr_sharing|multi_profile_type_profiles,contextual,/pet-id-profile,/lost-and-found-qr-tag,informational,medium,,draft_ready,draft_ready,,,,later,support page for pet hub
PT-SEO-047,/blog/ai-tools-small-business-india,blog,business,AI Tools for Small Business in India: Complete Guide 2026,blog_post,/business-ai,ai tools for small business india,how_to,business_ai,ai tools for small business india,IN,en,TOFU,P3,digital_profiles|business_ai|ai_review_assist|analytics,contextual,/business-ai,/business-identity,informational,medium,,draft_ready,draft_ready,,,,later,support page for business AI category
PT-SEO-048,/blog/ai-business-review-management-guide,blog,business,How AI Helps Manage Business Reviews: A Practical Guide,blog_post,/business-ai,ai tools for small business india,how_to,business_ai,ai business review management,IN+GLOBAL,en,MOFU,P3,digital_profiles|business_ai|ai_review_assist|analytics,contextual,/business-ai,/ai-review-assist|/google-review-management,commercial_informational,medium,,draft_ready,draft_ready,,,,later,support page for business AI and review categories
PT-SEO-049,/blog/ai-assistant-indian-business-guide,blog,business,AI Business Assistant for Indian SMBs: What It Is and How to Use It,blog_post,/business-ai,ai tools for small business india,definition,business_ai,ai business assistant india,IN,en,TOFU,P3,digital_profiles|business_ai|ai_review_assist|analytics|multi_account_team_management,contextual,/business-ai,/business-identity,informational,medium,,draft_ready,draft_ready,,,,later,support page for business AI category
PT-SEO-050,/products,product_catalog,platform,Products catalog index,product_index,/,,money_page,product_catalog,profiletap products,IN+GLOBAL,en,BOFU,P1,digital_profiles|nfc_sharing|qr_sharing|analytics,on_page,/,,transactional,high,,planned,brief_pending,,,,product_launch_q1,main product listing page
PT-SEO-051,/products/metal-business-cards,product_catalog,business,Metal Business Cards,product_family_page,/products,,money_page,product_catalog,metal business card india,IN,en,BOFU,P1,digital_profiles|nfc_sharing|qr_sharing|analytics,on_page,/products,/business-identity|/nfc-business-card-india,transactional,high,,planned,brief_pending,,,,product_launch_q1,3 color variants
PT-SEO-052,/products/business-standees,product_catalog,business,Business Standees,product_family_page,/products,,money_page,product_catalog,NFC business standee,IN,en,BOFU,P2,digital_profiles|nfc_sharing|qr_sharing|analytics|ai_review_assist,on_page,/products,/business-identity|/business-ai,transactional,medium,,planned,brief_pending,,,,product_launch_q1,5-10 design options
PT-SEO-053,/products/pvc-business-cards,product_catalog,business,PVC Business Cards,product_family_page,/products,,money_page,product_catalog,PVC business card NFC,IN,en,BOFU,P1,digital_profiles|nfc_sharing|qr_sharing|analytics,on_page,/products,/business-identity|/digital-business-card-india,transactional,high,,planned,brief_pending,,,,product_launch_q1,white and black variants
PT-SEO-054,/products/keychains,product_catalog,business,NFC Keychains,product_family_page,/products,,money_page,product_catalog,NFC keychain,IN,en,BOFU,P2,digital_profiles|nfc_sharing|qr_sharing|analytics,on_page,/products,/business-identity|/family-safety-profile,transactional,medium,,planned,brief_pending,,,,product_launch_q1,2-3 design options
PT-SEO-055,/products/pet-collar-tags,product_catalog,pet,Pet Collar Tags,product_family_page,/products,,money_page,product_catalog,pet collar tag QR code,IN,en,BOFU,P2,digital_profiles|qr_sharing|call_masking,on_page,/products,/pet-id-profile,transactional,medium,,planned,brief_pending,,,,product_launch_q1,5-10 design options
PT-SEO-056,/products/review-cards,product_catalog,business,Google Review Cards,product_family_page,/products,,money_page,product_catalog,google review card NFC,IN,en,BOFU,P1,digital_profiles|nfc_sharing|qr_sharing|ai_review_assist|analytics,on_page,/products,/business-identity|/business-ai,transactional,high,,planned,brief_pending,,,,product_launch_q1,ties to AI review assist
PT-SEO-057,/products/car-stickers,product_catalog,vehicle,Vehicle QR Stickers,product_family_page,/products,,money_page,product_catalog,car QR code sticker india,IN,en,BOFU,P2,digital_profiles|qr_sharing|call_masking|whatsapp_masking,on_page,/products,/vehicle-profile,transactional,medium,,planned,brief_pending,,,,product_launch_q1,dashboard rear bike helmet options
PT-SEO-058,/products/luggage-tags,product_catalog,travel,Smart Luggage Tags,product_family_page,/products,,money_page,product_catalog,smart luggage tag QR,IN,en,BOFU,P2,digital_profiles|qr_sharing|call_masking,on_page,/products,/travel-profile,transactional,medium,,planned,brief_pending,,,,product_launch_q1,fixed + customised designs
PT-SEO-059,/products/family-safety-tags,product_catalog,family_safety,Family Safety Tags,product_family_page,/products,,money_page,product_catalog,family safety tag QR,IN,en,BOFU,P2,digital_profiles|qr_sharing|call_masking|whatsapp_masking,on_page,/products,/family-safety-profile,transactional,medium,,planned,brief_pending,,,,product_launch_q1,keychains wristbands bag tags
PT-SEO-060,/products/digital-profiles,product_catalog,platform,Digital Profiles — Free & Pro,product_family_page,/products,,money_page,product_catalog,digital profile free,IN+GLOBAL,en,BOFU,P1,digital_profiles|qr_sharing|analytics|theme_library,on_page,/products,/,transactional,high,,planned,brief_pending,,,,product_launch_q1,free + paid tiers
PT-SEO-061,/emergency-qr-code,category,family_safety,Emergency QR Code landing page,category_page,/family-safety-profile,family safety profile,money_page,family_safety,emergency qr code,IN,en,BOFU,P2,digital_profiles|qr_sharing|multi_profile_type_profiles|call_masking|whatsapp_masking|theme_library,contextual,/family-safety-profile,/products/family-safety-tags,transactional,high,,planned,brief_pending,,,,post_launch_q2,family_safety child category page
PT-SEO-062,/lost-and-found-qr-tag,category,pet,Lost and Found QR Tag landing page,category_page,/pet-id-profile,pet id tag qr code,money_page,pet_identity,lost and found qr tag,IN,en,BOFU,P2,digital_profiles|qr_sharing|multi_profile_type_profiles|theme_library,contextual,/pet-id-profile,/products/pet-collar-tags,transactional,high,,planned,brief_pending,,,,post_launch_q2,pet hub child category page
PT-SEO-063,/qr-luggage-tag,category,travel,QR Luggage Tag landing page,category_page,/travel-profile,travel qr code,money_page,travel_identity,qr luggage tag,IN+GLOBAL,en,BOFU,P3,digital_profiles|qr_sharing|multi_profile_type_profiles|call_masking|whatsapp_masking|theme_library,contextual,/travel-profile,/products/luggage-tags,transactional,medium,,planned,brief_pending,,,,later,travel hub child category page
PT-SEO-064,/vehicle-qr-code-sticker,category,vehicle,Vehicle QR Code Sticker landing page,category_page,/vehicle-profile,vehicle qr code,money_page,vehicle_identity,vehicle qr code sticker,IN,en,BOFU,P2,digital_profiles|qr_sharing|multi_profile_type_profiles|call_masking|whatsapp_masking|theme_library,contextual,/vehicle-profile,/products/car-stickers,transactional,high,,planned,brief_pending,,,,post_launch_q2,vehicle hub child category page
PT-SEO-065,/blog/what-is-digital-business-card,blog,business,What Is a Digital Business Card? Complete Guide,blog_post,/digital-business-card-india,digital business card india,definition,digital_business_cards,what is digital business card,IN+GLOBAL,en,TOFU,P3,digital_profiles|qr_sharing|analytics,contextual,/digital-business-card-india,/nfc-business-card-india|/qr-business-card,informational,medium,,planned,brief_pending,,,,later,definition support page for digital business card category
PT-SEO-066,/blog/how-nfc-business-cards-work,blog,business,How NFC Business Cards Work: Complete Guide,blog_post,/nfc-business-card-india,nfc business card india,how_to,nfc_business_cards,how nfc business cards work,IN+GLOBAL,en,TOFU,P3,digital_profiles|nfc_sharing|qr_sharing|analytics,contextual,/nfc-business-card-india,/digital-business-card-india|/qr-business-card,informational,medium,,planned,brief_pending,,,,later,how-it-works support page for NFC business card category
PT-SEO-067,/blog/how-qr-code-works,blog,business,How QR Codes Work: A Simple Guide,blog_post,/qr-business-card,qr business card,definition,qr_business_cards,how qr code works,IN+GLOBAL,en,TOFU,P3,digital_profiles|qr_sharing|analytics,contextual,/qr-business-card,/nfc-business-card-india|/digital-business-card-india,informational,medium,,planned,brief_pending,,,,later,definition support page for QR business card category
PT-SEO-068,/digital-business-card-for-ca,use_case,business,Digital Business Card for Chartered Accountants India,use_case_page,/digital-business-card-india,digital_business_card_india,money_page,profession_use_cases,digital business card for ca india,IN,en,BOFU,P1,digital_profiles|nfc_sharing|qr_sharing|analytics|theme_library,contextual,/digital-business-card-india,/nfc-business-card-india|/products/pvc-business-cards,transactional,medium,,planned,brief_pending,,,,expansion_q3,India-unique CA term; TapMo Poptagg confirmed demand
PT-SEO-069,/digital-business-card-for-lawyers,use_case,business,Digital Business Card for Lawyers India,use_case_page,/digital-business-card-india,digital_business_card_india,money_page,profession_use_cases,digital business card for lawyers india,IN,en,BOFU,P1,digital_profiles|nfc_sharing|qr_sharing|analytics|theme_library,contextual,/digital-business-card-india,/nfc-business-card-india|/products/pvc-business-cards,transactional,medium,,planned,brief_pending,,,,expansion_q3,No India-native player dominating
PT-SEO-070,/digital-business-card-for-teams,category,business,Digital Business Card for Teams & Corporate India,category_page,/business-identity,business_identity,money_page,teams_corporate,digital business card for teams india,IN+GLOBAL,en,BOFU,P1,digital_profiles|nfc_sharing|qr_sharing|ai_review_assist|business_ai|analytics|account_collaborators|multi_account_team_management|call_masking|whatsapp_masking|theme_library,contextual,/business-identity,/digital-business-card-india|/nfc-business-card-india|/products,transactional,medium,,planned,brief_pending,,,,expansion_q3,Covers multi-account team management feature
PT-SEO-071,/dot-card-alternative-india,comparison,business,Best Dot Card Alternative India,comparison_page,/business-identity,business_identity,money_page,competitor_alternatives,dot card alternative india,IN+GLOBAL,en,BOFU,P1,digital_profiles|nfc_sharing|qr_sharing|ai_review_assist|analytics|call_masking|whatsapp_masking,contextual,/business-identity,/digital-business-card-india|/hihello-alternative-india,comparison,medium,,planned,brief_pending,,,,expansion_q3,V1CE Dot alternatives roundup confirms demand
PT-SEO-072,/profiletap-vs-dot-card,comparison,business,ProfileTap vs Dot Card — Full Comparison,comparison_page,/business-identity,business_identity,money_page,competitor_alternatives,profiletap vs dot card,IN+GLOBAL,en,BOFU,P1,digital_profiles|nfc_sharing|qr_sharing|ai_review_assist|analytics|call_masking|whatsapp_masking,contextual,/dot-card-alternative-india,/digital-business-card-india|/business-identity,comparison,medium,,planned,brief_pending,,,,expansion_q3,VS pair for dot-card-alternative
PT-SEO-073,/v1ce-alternative-india,comparison,business,Best V1CE Alternative India,comparison_page,/business-identity,business_identity,money_page,competitor_alternatives,v1ce alternative india,IN,en,BOFU,P1,digital_profiles|nfc_sharing|qr_sharing|ai_review_assist|analytics|call_masking|whatsapp_masking,contextual,/business-identity,/digital-business-card-india|/dot-card-alternative-india,comparison,medium,,planned,brief_pending,,,,expansion_q3,V1CE UK-based; no India presence = strong gap
PT-SEO-074,/profiletap-vs-v1ce,comparison,business,ProfileTap vs V1CE — India Comparison,comparison_page,/business-identity,business_identity,money_page,competitor_alternatives,profiletap vs v1ce,IN+GLOBAL,en,BOFU,P1,digital_profiles|nfc_sharing|qr_sharing|ai_review_assist|analytics|call_masking|whatsapp_masking,contextual,/v1ce-alternative-india,/digital-business-card-india|/business-identity,comparison,medium,,planned,brief_pending,,,,expansion_q3,VS pair
PT-SEO-075,/digital-business-card-for-architects,use_case,business,Digital Business Card for Architects India,use_case_page,/digital-business-card-india,digital_business_card_india,money_page,profession_use_cases,digital business card for architects india,IN,en,BOFU,P2,digital_profiles|nfc_sharing|qr_sharing|analytics|theme_library,contextual,/digital-business-card-india,/nfc-business-card-india|/products/pvc-business-cards,transactional,medium,,planned,brief_pending,,,,expansion_q3,Lemontaps covers globally; India gap
PT-SEO-076,/digital-business-card-for-consultants,use_case,business,Digital Business Card for Consultants India,use_case_page,/digital-business-card-india,digital_business_card_india,money_page,profession_use_cases,digital business card for consultants india,IN,en,BOFU,P2,digital_profiles|nfc_sharing|qr_sharing|analytics|theme_library,contextual,/digital-business-card-india,/nfc-business-card-india|/digital-business-card-for-teams,transactional,medium,,planned,brief_pending,,,,expansion_q3,Blinq 2026 confirms demand
PT-SEO-077,/digital-business-card-for-coaches,use_case,business,Digital Business Card for Coaches India,use_case_page,/digital-business-card-india,digital_business_card_india,money_page,profession_use_cases,digital business card for coaches india,IN,en,BOFU,P2,digital_profiles|nfc_sharing|qr_sharing|analytics|theme_library,contextual,/digital-business-card-india,/nfc-business-card-india|/creator-identity,transactional,medium,,planned,brief_pending,,,,expansion_q3,Life coach / business coach segment
PT-SEO-078,/mobilo-alternative-india,comparison,business,Best Mobilo Alternative India,comparison_page,/business-identity,business_identity,money_page,competitor_alternatives,mobilo alternative india,IN+GLOBAL,en,BOFU,P2,digital_profiles|nfc_sharing|qr_sharing|ai_review_assist|analytics|call_masking|whatsapp_masking,contextual,/business-identity,/digital-business-card-for-teams|/dot-card-alternative-india,comparison,medium,,planned,brief_pending,,,,expansion_q3,QRCodeChimp dedicated page confirms demand
PT-SEO-079,/profiletap-vs-mobilo,comparison,business,ProfileTap vs Mobilo — Which Is Better for Teams?,comparison_page,/business-identity,business_identity,money_page,competitor_alternatives,profiletap vs mobilo,IN+GLOBAL,en,BOFU,P2,digital_profiles|nfc_sharing|qr_sharing|ai_review_assist|analytics|call_masking|whatsapp_masking,contextual,/mobilo-alternative-india,/digital-business-card-for-teams|/business-identity,comparison,medium,,planned,brief_pending,,,,expansion_q3,VS pair
PT-SEO-080,/uniqode-alternative-india,comparison,business,Best Uniqode Alternative India,comparison_page,/business-identity,business_identity,money_page,competitor_alternatives,uniqode alternative india,IN+GLOBAL,en,BOFU,P2,digital_profiles|nfc_sharing|qr_sharing|ai_review_assist|analytics|call_masking|whatsapp_masking,contextual,/business-identity,/qr-business-card|/digital-business-card-india,comparison,medium,,planned,brief_pending,,,,expansion_q3,G2 alternatives list confirms demand
PT-SEO-081,/karetap-alternative,comparison,business,Best KareTap Alternative India,comparison_page,/business-identity,business_identity,money_page,competitor_alternatives,karetap alternative,IN,en,BOFU,P2,digital_profiles|nfc_sharing|qr_sharing|ai_review_assist|analytics|call_masking|whatsapp_masking,contextual,/business-identity,/digital-business-card-india|/nfc-business-card-india,comparison,low,,planned,brief_pending,,,,expansion_q3,India-native competitor; easy win
PT-SEO-082,/digital-business-card-mumbai,city_seo,business,Digital Business Card in Mumbai | ProfileTap,category_page,/digital-business-card-india,digital_business_card_india,money_page,city_seo,digital business card mumbai,IN,en,BOFU,P1,digital_profiles|nfc_sharing|qr_sharing|analytics|theme_library,contextual,/digital-business-card-india,/nfc-business-card-india|/products/pvc-business-cards,transactional,medium,,planned,brief_pending,,,,city_seo,Programmatic; confirmed by Kurmah Smaacaad
PT-SEO-083,/digital-business-card-delhi,city_seo,business,Digital Business Card in Delhi | ProfileTap,category_page,/digital-business-card-india,digital_business_card_india,money_page,city_seo,digital business card delhi,IN,en,BOFU,P1,digital_profiles|nfc_sharing|qr_sharing|analytics|theme_library,contextual,/digital-business-card-india,/nfc-business-card-india|/products/pvc-business-cards,transactional,medium,,planned,brief_pending,,,,city_seo,moCal Delhi article confirms demand
PT-SEO-084,/digital-business-card-bangalore,city_seo,business,Digital Business Card in Bangalore | ProfileTap,category_page,/digital-business-card-india,digital_business_card_india,money_page,city_seo,digital business card bangalore,IN,en,BOFU,P1,digital_profiles|nfc_sharing|qr_sharing|analytics|theme_library,contextual,/digital-business-card-india,/nfc-business-card-india|/products/pvc-business-cards,transactional,medium,,planned,brief_pending,,,,city_seo,Kurmah confirmed at 499 for Bengaluru
PT-SEO-085,/digital-business-card-chennai,city_seo,business,Digital Business Card in Chennai | ProfileTap,category_page,/digital-business-card-india,digital_business_card_india,money_page,city_seo,digital business card chennai,IN,en,BOFU,P2,digital_profiles|nfc_sharing|qr_sharing|analytics|theme_library,contextual,/digital-business-card-india,/nfc-business-card-india|/products/pvc-business-cards,transactional,medium,,planned,brief_pending,,,,city_seo,Tier-1 city programmatic
PT-SEO-086,/digital-business-card-hyderabad,city_seo,business,Digital Business Card in Hyderabad | ProfileTap,category_page,/digital-business-card-india,digital_business_card_india,money_page,city_seo,digital business card hyderabad,IN,en,BOFU,P2,digital_profiles|nfc_sharing|qr_sharing|analytics|theme_library,contextual,/digital-business-card-india,/nfc-business-card-india|/products/pvc-business-cards,transactional,medium,,planned,brief_pending,,,,city_seo,Tier-1 city programmatic
PT-SEO-087,/digital-business-card-pune,city_seo,business,Digital Business Card in Pune | ProfileTap,category_page,/digital-business-card-india,digital_business_card_india,money_page,city_seo,digital business card pune,IN,en,BOFU,P3,digital_profiles|nfc_sharing|qr_sharing|analytics|theme_library,contextual,/digital-business-card-india,/nfc-business-card-india|/products/pvc-business-cards,transactional,low,,planned,brief_pending,,,,city_seo,Tier-2 city programmatic
PT-SEO-088,/digital-business-card-ahmedabad,city_seo,business,Digital Business Card in Ahmedabad | ProfileTap,category_page,/digital-business-card-india,digital_business_card_india,money_page,city_seo,digital business card ahmedabad,IN,en,BOFU,P3,digital_profiles|nfc_sharing|qr_sharing|analytics|theme_library,contextual,/digital-business-card-india,/nfc-business-card-india|/products/pvc-business-cards,transactional,low,,planned,brief_pending,,,,city_seo,Tier-2 city programmatic
PT-SEO-089,/captain-india-alternative,comparison,pet,Best Captain India Pet Tag Alternative,comparison_page,/pet-id-profile,pet_id_tag,money_page,competitor_alternatives,captain india pet tag alternative,IN,en,BOFU,P2,digital_profiles|qr_sharing|nfc_sharing,contextual,/pet-id-profile,/lost-and-found-qr-tag|/products,comparison,medium,,planned,brief_pending,,,,expansion_q3,Captain India is primary India-native pet tag competitor
PT-SEO-090,/autism-child-safety-tag,use_case,family_safety,Safety ID Tag for Autistic Children India,use_case_page,/family-safety-profile,family_safety_profile,money_page,family_safety_use_cases,autism child safety tag india,IN,en,BOFU,P2,digital_profiles|qr_sharing|nfc_sharing,contextual,/family-safety-profile,/emergency-qr-code|/products,transactional,medium,,planned,brief_pending,,,,expansion_q3,Zero Indian brand players; underserved high-need
PT-SEO-091,/senior-citizen-safety-tag,use_case,family_safety,Safety QR Tag for Senior Citizens India,use_case_page,/family-safety-profile,family_safety_profile,money_page,family_safety_use_cases,senior citizen safety tag india,IN,en,BOFU,P2,digital_profiles|qr_sharing|nfc_sharing,contextual,/family-safety-profile,/emergency-qr-code|/products,transactional,medium,,planned,brief_pending,,,,expansion_q3,Dementia wandering use case; growing aging population
PT-SEO-092,/airtag-alternative-luggage-tag,comparison,travel,Smart Luggage Tag vs AirTag India — Which Is Better?,comparison_page,/travel-profile,travel_qr_code,money_page,competitor_alternatives,smart luggage tag vs airtag india,IN,en,BOFU,P1,digital_profiles|qr_sharing|nfc_sharing,contextual,/travel-profile,/qr-luggage-tag|/products,comparison,medium,,planned,brief_pending,,,,expansion_q3,AirTag subscription vs one-time QR tag
PT-SEO-093,/helmet-qr-sticker-india,category,vehicle,Helmet QR Safety Sticker India,category_page,/vehicle-profile,vehicle_qr_code,money_page,vehicle_safety,helmet qr sticker india,IN,en,BOFU,P2,digital_profiles|qr_sharing|nfc_sharing|call_masking|whatsapp_masking,contextual,/vehicle-profile,/vehicle-qr-code-sticker|/products,transactional,medium,,planned,brief_pending,,,,expansion_q3,Two-wheeler dominant segment; rider safety niche
PT-SEO-094,/vehitag-alternative,comparison,vehicle,Best VehiTag Alternative India,comparison_page,/vehicle-profile,vehicle_qr_code,money_page,competitor_alternatives,vehitag alternative,IN,en,BOFU,P2,digital_profiles|qr_sharing|nfc_sharing|call_masking|whatsapp_masking,contextual,/vehicle-profile,/vehicle-qr-code-sticker|/business-identity,comparison,medium,,planned,brief_pending,,,,expansion_q3,VehiTag active India competitor
PT-SEO-095,/blog/how-to-share-digital-business-card-on-whatsapp,blog,business,How to Share Your Digital Business Card on WhatsApp,blog_post,/digital-business-card-india,digital_business_card_india,cluster_support,whatsapp_sharing,how to share digital business card on whatsapp india,IN,en,TOFU,P1,digital_profiles|nfc_sharing|qr_sharing|analytics|theme_library,free,/digital-business-card-india,/nfc-business-card-india|/business-identity,informational,low,,planned,brief_pending,,,,later,WhatsApp is primary professional channel in India
PT-SEO-096,/blog/collect-google-reviews-nfc-card,blog,business,How to Collect Google Reviews with an NFC Card,blog_post,/ai-review-assist,google_review_management,cluster_support,google_reviews_nfc,how to collect google reviews with nfc card,IN+GLOBAL,en,MOFU,P2,ai_review_assist|nfc_sharing|qr_sharing,free,/ai-review-assist,/products/review-cards|/google-review-management,informational,low,,planned,brief_pending,,,,later,Supports review-cards product and ai-review-assist
PT-SEO-097,/blog/what-is-call-masking-india,blog,business,What Is Call Masking? A Guide for Indian Professionals,blog_post,/business-identity,business_identity,cluster_support,call_masking,what is call masking in india,IN,en,TOFU,P2,call_masking|whatsapp_masking,free,/business-identity,/digital-business-card-india|/nfc-business-card-india,informational,low,,planned,brief_pending,,,,later,Personal/professional privacy angle vs CCaaS enterprise
PT-SEO-098,/blog/digital-visiting-card-vs-digital-business-card-india,blog,business,Digital Visiting Card vs Digital Business Card — What's the Difference?,blog_post,/digital-business-card-india,digital_business_card_india,cluster_support,digital_business_cards,digital visiting card vs digital business card india,IN,en,TOFU,P2,digital_profiles|nfc_sharing|qr_sharing|analytics|theme_library,free,/digital-business-card-india,/nfc-business-card-india|/qr-business-card,informational,low,,planned,brief_pending,,,,later,Visiting card widely used in India; captures both clusters
PT-SEO-099,/blog/nfc-dog-tag-guide-india,blog,pet,NFC Dog Tags India: Complete Guide 2026,blog_post,/pet-id-profile,pet_id_tag,cluster_support,pet_identity,digital dog identity card india,IN,en,TOFU,P2,digital_profiles|qr_sharing|nfc_sharing,free,/pet-id-profile,/lost-and-found-qr-tag|/products,informational,low,,planned,brief_pending,,,,later,Category-creation content for pet hub
PT-SEO-100,/blog/pet-microchip-vs-qr-tag-india,blog,pet,Pet Microchip vs QR Tag: Which Is Better for Indian Pets?,blog_post,/pet-id-profile,pet_id_tag,cluster_support,pet_identity,pet microchip vs qr tag india,IN,en,MOFU,P2,digital_profiles|qr_sharing|nfc_sharing,free,/pet-id-profile,/lost-and-found-qr-tag|/captain-india-alternative,informational,low,,planned,brief_pending,,,,later,GPS subscription pain point differentiator
PT-SEO-101,/blog/autism-child-safety-guide-india,blog,family_safety,Autism Child Safety Guide India | ID Tags & Wandering Prevention,blog_post,/autism-child-safety-tag,family_safety_profile,cluster_support,family_safety,autism child safety guide india,IN,en,TOFU,P2,digital_profiles|qr_sharing|nfc_sharing,free,/autism-child-safety-tag,/family-safety-profile|/emergency-qr-code,informational,low,,planned,brief_pending,,,,later,High emotional intent; zero competition
PT-SEO-102,/blog/senior-citizen-safety-tag-guide-india,blog,family_safety,Senior Citizen Safety Tags India: Complete Guide,blog_post,/senior-citizen-safety-tag,family_safety_profile,cluster_support,family_safety,senior citizen safety tag guide india,IN,en,TOFU,P2,digital_profiles|qr_sharing|nfc_sharing,free,/senior-citizen-safety-tag,/family-safety-profile|/emergency-qr-code,informational,low,,planned,brief_pending,,,,later,Supports senior-citizen-safety-tag use case page
PT-SEO-103,/blog/smart-luggage-tag-vs-airtag-india,blog,travel,Smart Luggage Tag vs AirTag: What to Buy in India,blog_post,/airtag-alternative-luggage-tag,travel_qr_code,cluster_support,travel_identity,smart luggage tag vs airtag india,IN,en,MOFU,P2,digital_profiles|qr_sharing|nfc_sharing,free,/airtag-alternative-luggage-tag,/travel-profile|/qr-luggage-tag,informational,low,,planned,brief_pending,,,,later,High-traffic comparison supporting AirTag alternative page
PT-SEO-104,/blog/how-to-track-lost-luggage-india,blog,travel,How to Track Lost Luggage in India,blog_post,/travel-profile,travel_qr_code,cluster_support,travel_identity,how to track lost luggage india,IN,en,TOFU,P2,digital_profiles|qr_sharing|nfc_sharing,free,/travel-profile,/qr-luggage-tag|/airtag-alternative-luggage-tag,informational,low,,planned,brief_pending,,,,later,Problem-first; QR tag as pre-emptive solution
PT-SEO-105,/blog/helmet-safety-qr-sticker-guide-india,blog,vehicle,Helmet Safety QR Sticker Guide India,blog_post,/helmet-qr-sticker-india,vehicle_qr_code,cluster_support,vehicle_identity,helmet safety qr sticker guide india,IN,en,TOFU,P2,digital_profiles|qr_sharing|nfc_sharing|call_masking|whatsapp_masking,free,/helmet-qr-sticker-india,/vehicle-profile|/vehicle-qr-code-sticker,informational,low,,planned,brief_pending,,,,later,Supports /helmet-qr-sticker-india page
PT-SEO-106,/blog/delivery-rider-safety-tag-india,blog,vehicle,Delivery Rider Safety QR Tag India | Zomato Swiggy Bikes,blog_post,/vehicle-profile,vehicle_qr_code,cluster_support,vehicle_identity,delivery bike qr tag india,IN,en,TOFU,P2,digital_profiles|qr_sharing|nfc_sharing|call_masking|whatsapp_masking,free,/vehicle-profile,/vehicle-qr-code-sticker|/helmet-qr-sticker-india,informational,low,,planned,brief_pending,,,,later,Zomato Swiggy delivery rider segment
