keyword,page_slug,hub,priority,search_intent,market,keyword_role,volume,kd,cpc,last_checked,tag_string
ai tools for small business india,/business-ai,business,P1,commercial,IN,primary,,,,,hub:business;priority:P1;intent:commercial;role:primary
business identity management platform,/business-identity,business,P1,commercial,IN+GLOBAL,primary,,,,,hub:business;priority:P1;intent:commercial;role:primary
digital business card bangalore,/digital-business-card-bangalore,business,P1,transactional,IN,primary,,,,,hub:business;priority:P1;intent:transactional;role:primary
digital business card delhi,/digital-business-card-delhi,business,P1,transactional,IN,primary,,,,,hub:business;priority:P1;intent:transactional;role:primary
digital business card for ca india,/digital-business-card-for-ca,business,P1,transactional,IN,primary,,,,,hub:business;priority:P1;intent:transactional;role:primary
digital business card for doctors,/digital-business-card-for-doctors,business,P1,transactional,IN,primary,,,,,hub:business;priority:P1;intent:transactional;role:primary
digital business card for freelancers,/digital-business-card-for-freelancers,business,P1,transactional,IN,primary,,,,,hub:business;priority:P1;intent:transactional;role:primary
digital business card for lawyers india,/digital-business-card-for-lawyers,business,P1,transactional,IN,primary,,,,,hub:business;priority:P1;intent:transactional;role:primary
digital business card for real estate agents,/digital-business-card-for-real-estate-agents,business,P1,transactional,IN,primary,,,,,hub:business;priority:P1;intent:transactional;role:primary
digital business card for teams india,/digital-business-card-for-teams,business,P1,transactional,IN+GLOBAL,primary,,,,,hub:business;priority:P1;intent:transactional;role:primary
digital business card india,/digital-business-card-india,business,P1,transactional,IN,primary,,,,,hub:business;priority:P1;intent:transactional;role:primary
digital business card mumbai,/digital-business-card-mumbai,business,P1,transactional,IN,primary,,,,,hub:business;priority:P1;intent:transactional;role:primary
dot card alternative india,/dot-card-alternative-india,business,P1,comparison,IN+GLOBAL,primary,,,,,hub:business;priority:P1;intent:comparison;role:primary
google review card NFC,/products/review-cards,business,P1,transactional,IN,primary,,,,,hub:business;priority:P1;intent:transactional;role:primary
hihello alternative india,/hihello-alternative-india,business,P1,comparison,IN,primary,,,,,hub:business;priority:P1;intent:comparison;role:primary
how to share digital business card on whatsapp india,/blog/how-to-share-digital-business-card-on-whatsapp,business,P1,informational,IN,primary,,,,,hub:business;priority:P1;intent:informational;role:primary
metal business card india,/products/metal-business-cards,business,P1,transactional,IN,primary,,,,,hub:business;priority:P1;intent:transactional;role:primary
nfc business card india,/nfc-business-card-india,business,P1,transactional,IN,primary,,,,,hub:business;priority:P1;intent:transactional;role:primary
popl alternative india,/popl-alternative-india,business,P1,comparison,IN,primary,,,,,hub:business;priority:P1;intent:comparison;role:primary
profiletap vs dot card,/profiletap-vs-dot-card,business,P1,comparison,IN+GLOBAL,primary,,,,,hub:business;priority:P1;intent:comparison;role:primary
profiletap vs v1ce,/profiletap-vs-v1ce,business,P1,comparison,IN+GLOBAL,primary,,,,,hub:business;priority:P1;intent:comparison;role:primary
PVC business card NFC,/products/pvc-business-cards,business,P1,transactional,IN,primary,,,,,hub:business;priority:P1;intent:transactional;role:primary
qr business card,/qr-business-card,business,P1,transactional,IN+GLOBAL,primary,,,,,hub:business;priority:P1;intent:transactional;role:primary
tapmo alternative,/tapmo-alternative,business,P1,comparison,IN,primary,,,,,hub:business;priority:P1;intent:comparison;role:primary
taponn alternative,/taponn-alternative,business,P1,comparison,IN,primary,,,,,hub:business;priority:P1;intent:comparison;role:primary
v1ce alternative india,/v1ce-alternative-india,business,P1,comparison,IN,primary,,,,,hub:business;priority:P1;intent:comparison;role:primary
affordable NFC business card,/products/pvc-business-cards,business,P1,transactional,IN,secondary,,,,,hub:business;priority:P1;intent:transactional;role:secondary
ai business assistant india,/business-ai,business,P1,commercial,IN,secondary,,,,,hub:business;priority:P1;intent:commercial;role:secondary
ai business management,/business-ai,business,P1,commercial,IN,secondary,,,,,hub:business;priority:P1;intent:commercial;role:secondary
ai for small business,/business-ai,business,P1,commercial,IN,secondary,,,,,hub:business;priority:P1;intent:commercial;role:secondary
ai tools for business india,/business-ai,business,P1,commercial,IN,secondary,,,,,hub:business;priority:P1;intent:commercial;role:secondary
best dot card alternative india,/dot-card-alternative-india,business,P1,comparison,IN+GLOBAL,secondary,,,,,hub:business;priority:P1;intent:comparison;role:secondary
best v1ce alternative,/v1ce-alternative-india,business,P1,comparison,IN,secondary,,,,,hub:business;priority:P1;intent:comparison;role:secondary
black PVC card NFC,/products/pvc-business-cards,business,P1,transactional,IN,secondary,,,,,hub:business;priority:P1;intent:transactional;role:secondary
business ai tools,/business-ai,business,P1,commercial,IN,secondary,,,,,hub:business;priority:P1;intent:commercial;role:secondary
buy digital business card mumbai,/digital-business-card-mumbai,business,P1,transactional,IN,secondary,,,,,hub:business;priority:P1;intent:transactional;role:secondary
corporate digital business card india,/digital-business-card-for-teams,business,P1,transactional,IN+GLOBAL,secondary,,,,,hub:business;priority:P1;intent:transactional;role:secondary
digital business card,/digital-business-card-india,business,P1,transactional,IN,secondary,,,,,hub:business;priority:P1;intent:transactional;role:secondary
digital business card bengaluru,/digital-business-card-bangalore,business,P1,transactional,IN,secondary,,,,,hub:business;priority:P1;intent:transactional;role:secondary
digital business card bulk order india,/digital-business-card-for-teams,business,P1,transactional,IN+GLOBAL,secondary,,,,,hub:business;priority:P1;intent:transactional;role:secondary
digital business card new delhi,/digital-business-card-delhi,business,P1,transactional,IN,secondary,,,,,hub:business;priority:P1;intent:transactional;role:secondary
digital identity profile for professionals,/business-identity,business,P1,commercial,IN+GLOBAL,secondary,,,,,hub:business;priority:P1;intent:commercial;role:secondary
digital visiting card bangalore,/digital-business-card-bangalore,business,P1,transactional,IN,secondary,,,,,hub:business;priority:P1;intent:transactional;role:secondary
digital visiting card delhi,/digital-business-card-delhi,business,P1,transactional,IN,secondary,,,,,hub:business;priority:P1;intent:transactional;role:secondary
digital visiting card for ca,/digital-business-card-for-ca,business,P1,transactional,IN,secondary,,,,,hub:business;priority:P1;intent:transactional;role:secondary
digital visiting card for lawyers,/digital-business-card-for-lawyers,business,P1,transactional,IN,secondary,,,,,hub:business;priority:P1;intent:transactional;role:secondary
digital visiting card mumbai,/digital-business-card-mumbai,business,P1,transactional,IN,secondary,,,,,hub:business;priority:P1;intent:transactional;role:secondary
dot card alternative india,/profiletap-vs-dot-card,business,P1,comparison,IN+GLOBAL,secondary,,,,,hub:business;priority:P1;intent:comparison;role:secondary
dot card vs profiletap,/dot-card-alternative-india,business,P1,comparison,IN+GLOBAL,secondary,,,,,hub:business;priority:P1;intent:comparison;role:secondary
dot card vs profiletap india,/profiletap-vs-dot-card,business,P1,comparison,IN+GLOBAL,secondary,,,,,hub:business;priority:P1;intent:comparison;role:secondary
employee digital business card india,/digital-business-card-for-teams,business,P1,transactional,IN+GLOBAL,secondary,,,,,hub:business;priority:P1;intent:transactional;role:secondary
google review NFC card,/products/review-cards,business,P1,transactional,IN,secondary,,,,,hub:business;priority:P1;intent:transactional;role:secondary
HiHello alternative,/hihello-alternative-india,business,P1,comparison,IN,secondary,,,,,hub:business;priority:P1;intent:comparison;role:secondary
how to add digital business card to whatsapp,/blog/how-to-share-digital-business-card-on-whatsapp,business,P1,informational,IN,secondary,,,,,hub:business;priority:P1;intent:informational;role:secondary
identity management solution for business,/business-identity,business,P1,commercial,IN+GLOBAL,secondary,,,,,hub:business;priority:P1;intent:commercial;role:secondary
identity platform for businesses,/business-identity,business,P1,commercial,IN+GLOBAL,secondary,,,,,hub:business;priority:P1;intent:commercial;role:secondary
identity platform for professionals,/business-identity,business,P1,commercial,IN+GLOBAL,secondary,,,,,hub:business;priority:P1;intent:commercial;role:secondary
identity system for small businesses,/business-identity,business,P1,commercial,IN+GLOBAL,secondary,,,,,hub:business;priority:P1;intent:commercial;role:secondary
metal NFC business card,/products/metal-business-cards,business,P1,transactional,IN,secondary,,,,,hub:business;priority:P1;intent:transactional;role:secondary
metal visiting card,/products/metal-business-cards,business,P1,transactional,IN,secondary,,,,,hub:business;priority:P1;intent:transactional;role:secondary
NFC business card,/nfc-business-card-india,business,P1,transactional,IN,secondary,,,,,hub:business;priority:P1;intent:transactional;role:secondary
nfc business card bangalore,/digital-business-card-bangalore,business,P1,transactional,IN,secondary,,,,,hub:business;priority:P1;intent:transactional;role:secondary
nfc business card delhi,/digital-business-card-delhi,business,P1,transactional,IN,secondary,,,,,hub:business;priority:P1;intent:transactional;role:secondary
nfc business card for ca india,/digital-business-card-for-ca,business,P1,transactional,IN,secondary,,,,,hub:business;priority:P1;intent:transactional;role:secondary
nfc business card for corporate india,/digital-business-card-for-teams,business,P1,transactional,IN+GLOBAL,secondary,,,,,hub:business;priority:P1;intent:transactional;role:secondary
NFC business card for doctors,/digital-business-card-for-doctors,business,P1,transactional,IN,secondary,,,,,hub:business;priority:P1;intent:transactional;role:secondary
NFC business card for freelancers,/digital-business-card-for-freelancers,business,P1,transactional,IN,secondary,,,,,hub:business;priority:P1;intent:transactional;role:secondary
nfc business card for lawyers india,/digital-business-card-for-lawyers,business,P1,transactional,IN,secondary,,,,,hub:business;priority:P1;intent:transactional;role:secondary
NFC business card for real estate agents,/digital-business-card-for-real-estate-agents,business,P1,transactional,IN,secondary,,,,,hub:business;priority:P1;intent:transactional;role:secondary
nfc business card mumbai,/digital-business-card-mumbai,business,P1,transactional,IN,secondary,,,,,hub:business;priority:P1;intent:transactional;role:secondary
nfc card for startup india,/digital-business-card-for-teams,business,P1,transactional,IN+GLOBAL,secondary,,,,,hub:business;priority:P1;intent:transactional;role:secondary
NFC metal card,/products/metal-business-cards,business,P1,transactional,IN,secondary,,,,,hub:business;priority:P1;intent:transactional;role:secondary
NFC review card india,/products/review-cards,business,P1,transactional,IN,secondary,,,,,hub:business;priority:P1;intent:transactional;role:secondary
premium business card NFC,/products/metal-business-cards,business,P1,transactional,IN,secondary,,,,,hub:business;priority:P1;intent:transactional;role:secondary
professional digital business card for doctors,/digital-business-card-for-doctors,business,P1,transactional,IN,secondary,,,,,hub:business;priority:P1;intent:transactional;role:secondary
professional digital business card for freelancers,/digital-business-card-for-freelancers,business,P1,transactional,IN,secondary,,,,,hub:business;priority:P1;intent:transactional;role:secondary
professional digital business card for real estate agents,/digital-business-card-for-real-estate-agents,business,P1,transactional,IN,secondary,,,,,hub:business;priority:P1;intent:transactional;role:secondary
professional identity platform,/business-identity,business,P1,commercial,IN+GLOBAL,secondary,,,,,hub:business;priority:P1;intent:commercial;role:secondary
professional NFC business card for doctors,/digital-business-card-for-doctors,business,P1,transactional,IN,secondary,,,,,hub:business;priority:P1;intent:transactional;role:secondary
professional NFC business card for freelancers,/digital-business-card-for-freelancers,business,P1,transactional,IN,secondary,,,,,hub:business;priority:P1;intent:transactional;role:secondary
professional NFC business card for real estate agents,/digital-business-card-for-real-estate-agents,business,P1,transactional,IN,secondary,,,,,hub:business;priority:P1;intent:transactional;role:secondary
profiletap business ai,/business-ai,business,P1,commercial,IN,secondary,,,,,hub:business;priority:P1;intent:commercial;role:secondary
PVC NFC card,/products/pvc-business-cards,business,P1,transactional,IN,secondary,,,,,hub:business;priority:P1;intent:transactional;role:secondary
QR code business card,/qr-business-card,business,P1,transactional,IN+GLOBAL,secondary,,,,,hub:business;priority:P1;intent:transactional;role:secondary
QR code profile for doctors,/digital-business-card-for-doctors,business,P1,transactional,IN,secondary,,,,,hub:business;priority:P1;intent:transactional;role:secondary
QR code profile for freelancers,/digital-business-card-for-freelancers,business,P1,transactional,IN,secondary,,,,,hub:business;priority:P1;intent:transactional;role:secondary
QR code profile for real estate agents,/digital-business-card-for-real-estate-agents,business,P1,transactional,IN,secondary,,,,,hub:business;priority:P1;intent:transactional;role:secondary
review card for business,/products/review-cards,business,P1,transactional,IN,secondary,,,,,hub:business;priority:P1;intent:transactional;role:secondary
share nfc card on whatsapp india,/blog/how-to-share-digital-business-card-on-whatsapp,business,P1,informational,IN,secondary,,,,,hub:business;priority:P1;intent:informational;role:secondary
smart business tools india,/business-ai,business,P1,commercial,IN,secondary,,,,,hub:business;priority:P1;intent:commercial;role:secondary
smart card for chartered accountant india,/digital-business-card-for-ca,business,P1,transactional,IN,secondary,,,,,hub:business;priority:P1;intent:transactional;role:secondary
smart card for lawyers india,/digital-business-card-for-lawyers,business,P1,transactional,IN,secondary,,,,,hub:business;priority:P1;intent:transactional;role:secondary
tap to review card,/products/review-cards,business,P1,transactional,IN,secondary,,,,,hub:business;priority:P1;intent:transactional;role:secondary
TapMo alternative India,/tapmo-alternative,business,P1,comparison,IN,secondary,,,,,hub:business;priority:P1;intent:comparison;role:secondary
TapOnn alternative India,/taponn-alternative,business,P1,comparison,IN,secondary,,,,,hub:business;priority:P1;intent:comparison;role:secondary
v1ce alternative for india,/v1ce-alternative-india,business,P1,comparison,IN,secondary,,,,,hub:business;priority:P1;intent:comparison;role:secondary
v1ce alternative india,/profiletap-vs-v1ce,business,P1,comparison,IN+GLOBAL,secondary,,,,,hub:business;priority:P1;intent:comparison;role:secondary
v1ce vs profiletap,/v1ce-alternative-india,business,P1,comparison,IN,secondary,,,,,hub:business;priority:P1;intent:comparison;role:secondary
v1ce vs profiletap india,/profiletap-vs-v1ce,business,P1,comparison,IN+GLOBAL,secondary,,,,,hub:business;priority:P1;intent:comparison;role:secondary
white PVC business card,/products/pvc-business-cards,business,P1,transactional,IN,secondary,,,,,hub:business;priority:P1;intent:transactional;role:secondary
digital profile free,/products/digital-profiles,platform,P1,transactional,IN+GLOBAL,primary,,,,,hub:platform;priority:P1;intent:transactional;role:primary
profiletap products,/products,platform,P1,transactional,IN+GLOBAL,primary,,,,,hub:platform;priority:P1;intent:transactional;role:primary
smart identity platform,/,platform,P1,commercial,IN+GLOBAL,primary,,,,,hub:platform;priority:P1;intent:commercial;role:primary
buy profiletap,/products,platform,P1,transactional,IN+GLOBAL,secondary,,,,,hub:platform;priority:P1;intent:transactional;role:secondary
create digital profile free,/products/digital-profiles,platform,P1,transactional,IN+GLOBAL,secondary,,,,,hub:platform;priority:P1;intent:transactional;role:secondary
digital identity card system,/,platform,P1,commercial,IN+GLOBAL,secondary,,,,,hub:platform;priority:P1;intent:commercial;role:secondary
digital identity platform,/,platform,P1,commercial,IN+GLOBAL,secondary,,,,,hub:platform;priority:P1;intent:commercial;role:secondary
digital identity profile,/products/digital-profiles,platform,P1,transactional,IN+GLOBAL,secondary,,,,,hub:platform;priority:P1;intent:transactional;role:secondary
digital profile builder,/,platform,P1,commercial,IN+GLOBAL,secondary,,,,,hub:platform;priority:P1;intent:commercial;role:secondary
digital profile management system,/,platform,P1,commercial,IN+GLOBAL,secondary,,,,,hub:platform;priority:P1;intent:commercial;role:secondary
digital profile system India,/,platform,P1,commercial,IN+GLOBAL,secondary,,,,,hub:platform;priority:P1;intent:commercial;role:secondary
digital visiting card online,/products/digital-profiles,platform,P1,transactional,IN+GLOBAL,secondary,,,,,hub:platform;priority:P1;intent:transactional;role:secondary
free digital business profile,/products/digital-profiles,platform,P1,transactional,IN+GLOBAL,secondary,,,,,hub:platform;priority:P1;intent:transactional;role:secondary
identity management platform,/,platform,P1,commercial,IN+GLOBAL,secondary,,,,,hub:platform;priority:P1;intent:commercial;role:secondary
identity platform India,/,platform,P1,commercial,IN+GLOBAL,secondary,,,,,hub:platform;priority:P1;intent:commercial;role:secondary
online identity profile platform,/,platform,P1,commercial,IN+GLOBAL,secondary,,,,,hub:platform;priority:P1;intent:commercial;role:secondary
online identity system,/,platform,P1,commercial,IN+GLOBAL,secondary,,,,,hub:platform;priority:P1;intent:commercial;role:secondary
personal identity management system,/,platform,P1,commercial,IN+GLOBAL,secondary,,,,,hub:platform;priority:P1;intent:commercial;role:secondary
profiletap shop,/products,platform,P1,transactional,IN+GLOBAL,secondary,,,,,hub:platform;priority:P1;intent:transactional;role:secondary
profiletap store,/products,platform,P1,transactional,IN+GLOBAL,secondary,,,,,hub:platform;priority:P1;intent:transactional;role:secondary
smart profile platform,/,platform,P1,commercial,IN+GLOBAL,secondary,,,,,hub:platform;priority:P1;intent:commercial;role:secondary
unified identity platform,/,platform,P1,commercial,IN+GLOBAL,secondary,,,,,hub:platform;priority:P1;intent:commercial;role:secondary
smart luggage tag vs airtag india,/airtag-alternative-luggage-tag,travel,P1,comparison,IN,primary,,,,,hub:travel;priority:P1;intent:comparison;role:primary
airtag alternative luggage tag india,/airtag-alternative-luggage-tag,travel,P1,comparison,IN,secondary,,,,,hub:travel;priority:P1;intent:comparison;role:secondary
luggage qr tag vs airtag,/airtag-alternative-luggage-tag,travel,P1,comparison,IN,secondary,,,,,hub:travel;priority:P1;intent:comparison;role:secondary
nfc luggage tag vs bluetooth tracker india,/airtag-alternative-luggage-tag,travel,P1,comparison,IN,secondary,,,,,hub:travel;priority:P1;intent:comparison;role:secondary
ai review management,/ai-review-assist,business,P2,commercial,IN+GLOBAL,primary,,,,,hub:business;priority:P2;intent:commercial;role:primary
blinq alternative,/blinq-alternative,business,P2,comparison,IN+GLOBAL,primary,,,,,hub:business;priority:P2;intent:comparison;role:primary
digital business card chennai,/digital-business-card-chennai,business,P2,transactional,IN,primary,,,,,hub:business;priority:P2;intent:transactional;role:primary
digital business card for architects india,/digital-business-card-for-architects,business,P2,transactional,IN,primary,,,,,hub:business;priority:P2;intent:transactional;role:primary
digital business card for coaches india,/digital-business-card-for-coaches,business,P2,transactional,IN,primary,,,,,hub:business;priority:P2;intent:transactional;role:primary
digital business card for consultants india,/digital-business-card-for-consultants,business,P2,transactional,IN,primary,,,,,hub:business;priority:P2;intent:transactional;role:primary
digital business card hyderabad,/digital-business-card-hyderabad,business,P2,transactional,IN,primary,,,,,hub:business;priority:P2;intent:transactional;role:primary
digital visiting card vs digital business card india,/blog/digital-visiting-card-vs-digital-business-card-india,business,P2,informational,IN,primary,,,,,hub:business;priority:P2;intent:informational;role:primary
google review management,/google-review-management,business,P2,commercial,IN+GLOBAL,primary,,,,,hub:business;priority:P2;intent:commercial;role:primary
how to collect google reviews with nfc card,/blog/collect-google-reviews-nfc-card,business,P2,informational,IN+GLOBAL,primary,,,,,hub:business;priority:P2;intent:informational;role:primary
karetap alternative,/karetap-alternative,business,P2,comparison,IN,primary,,,,,hub:business;priority:P2;intent:comparison;role:primary
mobilo alternative india,/mobilo-alternative-india,business,P2,comparison,IN+GLOBAL,primary,,,,,hub:business;priority:P2;intent:comparison;role:primary
NFC business standee,/products/business-standees,business,P2,transactional,IN,primary,,,,,hub:business;priority:P2;intent:transactional;role:primary
NFC keychain,/products/keychains,business,P2,transactional,IN,primary,,,,,hub:business;priority:P2;intent:transactional;role:primary
profiletap vs hihello,/profiletap-vs-hihello,business,P2,comparison,IN+GLOBAL,primary,,,,,hub:business;priority:P2;intent:comparison;role:primary
profiletap vs mobilo,/profiletap-vs-mobilo,business,P2,comparison,IN+GLOBAL,primary,,,,,hub:business;priority:P2;intent:comparison;role:primary
profiletap vs tapmo,/profiletap-vs-tapmo,business,P2,comparison,IN+GLOBAL,primary,,,,,hub:business;priority:P2;intent:comparison;role:primary
uniqode alternative india,/uniqode-alternative-india,business,P2,comparison,IN+GLOBAL,primary,,,,,hub:business;priority:P2;intent:comparison;role:primary
what is call masking in india,/blog/what-is-call-masking-india,business,P2,informational,IN,primary,,,,,hub:business;priority:P2;intent:informational;role:primary
ai assist reviews,/ai-review-assist,business,P2,commercial,IN+GLOBAL,secondary,,,,,hub:business;priority:P2;intent:commercial;role:secondary
ai review online,/ai-review-assist,business,P2,commercial,IN+GLOBAL,secondary,,,,,hub:business;priority:P2;intent:commercial;role:secondary
ai review qr,/ai-review-assist,business,P2,commercial,IN+GLOBAL,secondary,,,,,hub:business;priority:P2;intent:commercial;role:secondary
ai review system,/ai-review-assist,business,P2,commercial,IN+GLOBAL,secondary,,,,,hub:business;priority:P2;intent:commercial;role:secondary
ai reviews app,/ai-review-assist,business,P2,commercial,IN+GLOBAL,secondary,,,,,hub:business;priority:P2;intent:commercial;role:secondary
ai reviews for business,/ai-review-assist,business,P2,commercial,IN+GLOBAL,secondary,,,,,hub:business;priority:P2;intent:commercial;role:secondary
best karetap alternative india,/karetap-alternative,business,P2,comparison,IN,secondary,,,,,hub:business;priority:P2;intent:comparison;role:secondary
best mobilo alternative,/mobilo-alternative-india,business,P2,comparison,IN+GLOBAL,secondary,,,,,hub:business;priority:P2;intent:comparison;role:secondary
best uniqode alternative,/uniqode-alternative-india,business,P2,comparison,IN+GLOBAL,secondary,,,,,hub:business;priority:P2;intent:comparison;role:secondary
business standee QR code,/products/business-standees,business,P2,transactional,IN,secondary,,,,,hub:business;priority:P2;intent:transactional;role:secondary
call masking for business india,/blog/what-is-call-masking-india,business,P2,informational,IN,secondary,,,,,hub:business;priority:P2;intent:informational;role:secondary
digital keychain,/products/keychains,business,P2,transactional,IN,secondary,,,,,hub:business;priority:P2;intent:transactional;role:secondary
digital profile for architects,/digital-business-card-for-architects,business,P2,transactional,IN,secondary,,,,,hub:business;priority:P2;intent:transactional;role:secondary
digital profile for coaches india,/digital-business-card-for-coaches,business,P2,transactional,IN,secondary,,,,,hub:business;priority:P2;intent:transactional;role:secondary
digital visiting card chennai,/digital-business-card-chennai,business,P2,transactional,IN,secondary,,,,,hub:business;priority:P2;intent:transactional;role:secondary
digital visiting card hyderabad,/digital-business-card-hyderabad,business,P2,transactional,IN,secondary,,,,,hub:business;priority:P2;intent:transactional;role:secondary
digital visiting card india,/blog/digital-visiting-card-vs-digital-business-card-india,business,P2,informational,IN,secondary,,,,,hub:business;priority:P2;intent:informational;role:secondary
Google business reviews,/google-review-management,business,P2,commercial,IN+GLOBAL,secondary,,,,,hub:business;priority:P2;intent:commercial;role:secondary
Google review marketing strategy,/google-review-management,business,P2,commercial,IN+GLOBAL,secondary,,,,,hub:business;priority:P2;intent:commercial;role:secondary
google review nfc card guide,/blog/collect-google-reviews-nfc-card,business,P2,informational,IN+GLOBAL,secondary,,,,,hub:business;priority:P2;intent:informational;role:secondary
Google review strategy 2026,/google-review-management,business,P2,commercial,IN+GLOBAL,secondary,,,,,hub:business;priority:P2;intent:commercial;role:secondary
Google review system,/google-review-management,business,P2,commercial,IN+GLOBAL,secondary,,,,,hub:business;priority:P2;intent:commercial;role:secondary
Google reviews,/google-review-management,business,P2,commercial,IN+GLOBAL,secondary,,,,,hub:business;priority:P2;intent:commercial;role:secondary
hide phone number business card india,/blog/what-is-call-masking-india,business,P2,informational,IN,secondary,,,,,hub:business;priority:P2;intent:informational;role:secondary
how Google reviews work,/google-review-management,business,P2,commercial,IN+GLOBAL,secondary,,,,,hub:business;priority:P2;intent:commercial;role:secondary
how to generate Google review link for customers,/google-review-management,business,P2,commercial,IN+GLOBAL,secondary,,,,,hub:business;priority:P2;intent:commercial;role:secondary
how to get more Google reviews,/google-review-management,business,P2,commercial,IN+GLOBAL,secondary,,,,,hub:business;priority:P2;intent:commercial;role:secondary
how to write a Google review,/google-review-management,business,P2,commercial,IN+GLOBAL,secondary,,,,,hub:business;priority:P2;intent:commercial;role:secondary
increase Google reviews quickly,/google-review-management,business,P2,commercial,IN+GLOBAL,secondary,,,,,hub:business;priority:P2;intent:commercial;role:secondary
karetap vs profiletap,/karetap-alternative,business,P2,comparison,IN,secondary,,,,,hub:business;priority:P2;intent:comparison;role:secondary
mobilo alternative india,/profiletap-vs-mobilo,business,P2,comparison,IN+GLOBAL,secondary,,,,,hub:business;priority:P2;intent:comparison;role:secondary
mobilo card alternative india,/mobilo-alternative-india,business,P2,comparison,IN+GLOBAL,secondary,,,,,hub:business;priority:P2;intent:comparison;role:secondary
mobilo vs profiletap,/mobilo-alternative-india,business,P2,comparison,IN+GLOBAL,secondary,,,,,hub:business;priority:P2;intent:comparison;role:secondary
mobilo vs profiletap india,/profiletap-vs-mobilo,business,P2,comparison,IN+GLOBAL,secondary,,,,,hub:business;priority:P2;intent:comparison;role:secondary
nfc business card chennai,/digital-business-card-chennai,business,P2,transactional,IN,secondary,,,,,hub:business;priority:P2;intent:transactional;role:secondary
nfc business card for architects india,/digital-business-card-for-architects,business,P2,transactional,IN,secondary,,,,,hub:business;priority:P2;intent:transactional;role:secondary
nfc business card for coaches india,/digital-business-card-for-coaches,business,P2,transactional,IN,secondary,,,,,hub:business;priority:P2;intent:transactional;role:secondary
nfc business card for consultants india,/digital-business-card-for-consultants,business,P2,transactional,IN,secondary,,,,,hub:business;priority:P2;intent:transactional;role:secondary
nfc business card hyderabad,/digital-business-card-hyderabad,business,P2,transactional,IN,secondary,,,,,hub:business;priority:P2;intent:transactional;role:secondary
NFC keychain india,/products/keychains,business,P2,transactional,IN,secondary,,,,,hub:business;priority:P2;intent:transactional;role:secondary
NFC standee india,/products/business-standees,business,P2,transactional,IN,secondary,,,,,hub:business;priority:P2;intent:transactional;role:secondary
online reputation management Google reviews,/google-review-management,business,P2,commercial,IN+GLOBAL,secondary,,,,,hub:business;priority:P2;intent:commercial;role:secondary
profile sharing keychain,/products/keychains,business,P2,transactional,IN,secondary,,,,,hub:business;priority:P2;intent:transactional;role:secondary
qr code business card alternative india,/uniqode-alternative-india,business,P2,comparison,IN+GLOBAL,secondary,,,,,hub:business;priority:P2;intent:comparison;role:secondary
reception desk NFC standee,/products/business-standees,business,P2,transactional,IN,secondary,,,,,hub:business;priority:P2;intent:transactional;role:secondary
review standee,/products/business-standees,business,P2,transactional,IN,secondary,,,,,hub:business;priority:P2;intent:transactional;role:secondary
smart business card consultant india,/digital-business-card-for-consultants,business,P2,transactional,IN,secondary,,,,,hub:business;priority:P2;intent:transactional;role:secondary
smart card architect india,/digital-business-card-for-architects,business,P2,transactional,IN,secondary,,,,,hub:business;priority:P2;intent:transactional;role:secondary
smart keychain NFC,/products/keychains,business,P2,transactional,IN,secondary,,,,,hub:business;priority:P2;intent:transactional;role:secondary
tap to review card setup india,/blog/collect-google-reviews-nfc-card,business,P2,informational,IN+GLOBAL,secondary,,,,,hub:business;priority:P2;intent:informational;role:secondary
uniqode vs profiletap india,/uniqode-alternative-india,business,P2,comparison,IN+GLOBAL,secondary,,,,,hub:business;priority:P2;intent:comparison;role:secondary
visiting card vs business card india,/blog/digital-visiting-card-vs-digital-business-card-india,business,P2,informational,IN,secondary,,,,,hub:business;priority:P2;intent:informational;role:secondary
what are Google reviews,/google-review-management,business,P2,commercial,IN+GLOBAL,secondary,,,,,hub:business;priority:P2;intent:commercial;role:secondary
digital business card for creators,/digital-business-card-for-creators,creator,P2,transactional,IN+GLOBAL,primary,,,,,hub:creator;priority:P2;intent:transactional;role:primary
linktree alternative for creators,/linktree-alternative-for-creators,creator,P2,comparison,IN+GLOBAL,primary,,,,,hub:creator;priority:P2;intent:comparison;role:primary
personal branding platform india,/creator-identity,creator,P2,commercial,IN,primary,,,,,hub:creator;priority:P2;intent:commercial;role:primary
digital business card for bloggers,/digital-business-card-for-creators,creator,P2,transactional,IN+GLOBAL,secondary,,,,,hub:creator;priority:P2;intent:transactional;role:secondary
digital business card for influencers,/digital-business-card-for-creators,creator,P2,transactional,IN+GLOBAL,secondary,,,,,hub:creator;priority:P2;intent:transactional;role:secondary
digital business card for youtubers,/digital-business-card-for-creators,creator,P2,transactional,IN+GLOBAL,secondary,,,,,hub:creator;priority:P2;intent:transactional;role:secondary
link in bio alternative India,/linktree-alternative-for-creators,creator,P2,comparison,IN+GLOBAL,secondary,,,,,hub:creator;priority:P2;intent:comparison;role:secondary
Linktree alternative,/linktree-alternative-for-creators,creator,P2,comparison,IN+GLOBAL,secondary,,,,,hub:creator;priority:P2;intent:comparison;role:secondary
Linktree alternative India,/linktree-alternative-for-creators,creator,P2,comparison,IN+GLOBAL,secondary,,,,,hub:creator;priority:P2;intent:comparison;role:secondary
NFC business card for bloggers,/digital-business-card-for-creators,creator,P2,transactional,IN+GLOBAL,secondary,,,,,hub:creator;priority:P2;intent:transactional;role:secondary
NFC business card for influencers,/digital-business-card-for-creators,creator,P2,transactional,IN+GLOBAL,secondary,,,,,hub:creator;priority:P2;intent:transactional;role:secondary
NFC business card for youtubers,/digital-business-card-for-creators,creator,P2,transactional,IN+GLOBAL,secondary,,,,,hub:creator;priority:P2;intent:transactional;role:secondary
professional digital business card for influencers,/digital-business-card-for-creators,creator,P2,transactional,IN+GLOBAL,secondary,,,,,hub:creator;priority:P2;intent:transactional;role:secondary
professional digital business card for youtubers,/digital-business-card-for-creators,creator,P2,transactional,IN+GLOBAL,secondary,,,,,hub:creator;priority:P2;intent:transactional;role:secondary
professional NFC business card for influencers,/digital-business-card-for-creators,creator,P2,transactional,IN+GLOBAL,secondary,,,,,hub:creator;priority:P2;intent:transactional;role:secondary
professional NFC business card for youtubers,/digital-business-card-for-creators,creator,P2,transactional,IN+GLOBAL,secondary,,,,,hub:creator;priority:P2;intent:transactional;role:secondary
ProfileTap vs Linktree,/linktree-alternative-for-creators,creator,P2,comparison,IN+GLOBAL,secondary,,,,,hub:creator;priority:P2;intent:comparison;role:secondary
QR code profile for influencers,/digital-business-card-for-creators,creator,P2,transactional,IN+GLOBAL,secondary,,,,,hub:creator;priority:P2;intent:transactional;role:secondary
QR code profile for youtubers,/digital-business-card-for-creators,creator,P2,transactional,IN+GLOBAL,secondary,,,,,hub:creator;priority:P2;intent:transactional;role:secondary
autism child safety guide india,/blog/autism-child-safety-guide-india,family_safety,P2,informational,IN,primary,,,,,hub:family_safety;priority:P2;intent:informational;role:primary
autism child safety tag india,/autism-child-safety-tag,family_safety,P2,transactional,IN,primary,,,,,hub:family_safety;priority:P2;intent:transactional;role:primary
emergency qr code,/emergency-qr-code,family_safety,P2,transactional,IN,primary,,,,,hub:family_safety;priority:P2;intent:transactional;role:primary
family safety tag QR,/products/family-safety-tags,family_safety,P2,transactional,IN,primary,,,,,hub:family_safety;priority:P2;intent:transactional;role:primary
senior citizen safety tag guide india,/blog/senior-citizen-safety-tag-guide-india,family_safety,P2,informational,IN,primary,,,,,hub:family_safety;priority:P2;intent:informational;role:primary
senior citizen safety tag india,/senior-citizen-safety-tag,family_safety,P2,transactional,IN,primary,,,,,hub:family_safety;priority:P2;intent:transactional;role:primary
autism wandering id tag india,/autism-child-safety-tag,family_safety,P2,transactional,IN,secondary,,,,,hub:family_safety;priority:P2;intent:transactional;role:secondary
autism wandering prevention india,/blog/autism-child-safety-guide-india,family_safety,P2,informational,IN,secondary,,,,,hub:family_safety;priority:P2;intent:informational;role:secondary
child safety tag QR,/products/family-safety-tags,family_safety,P2,transactional,IN,secondary,,,,,hub:family_safety;priority:P2;intent:transactional;role:secondary
dementia patient id tag india,/senior-citizen-safety-tag,family_safety,P2,transactional,IN,secondary,,,,,hub:family_safety;priority:P2;intent:transactional;role:secondary
dementia wandering safety india,/blog/senior-citizen-safety-tag-guide-india,family_safety,P2,informational,IN,secondary,,,,,hub:family_safety;priority:P2;intent:informational;role:secondary
elderly qr id tag india,/senior-citizen-safety-tag,family_safety,P2,transactional,IN,secondary,,,,,hub:family_safety;priority:P2;intent:transactional;role:secondary
elderly safety tag QR,/products/family-safety-tags,family_safety,P2,transactional,IN,secondary,,,,,hub:family_safety;priority:P2;intent:transactional;role:secondary
elderly safety wristband india,/blog/senior-citizen-safety-tag-guide-india,family_safety,P2,informational,IN,secondary,,,,,hub:family_safety;priority:P2;intent:informational;role:secondary
emergency contact qr code,/emergency-qr-code,family_safety,P2,transactional,IN,secondary,,,,,hub:family_safety;priority:P2;intent:transactional;role:secondary
emergency medical information qr,/emergency-qr-code,family_safety,P2,transactional,IN,secondary,,,,,hub:family_safety;priority:P2;intent:transactional;role:secondary
emergency profile qr code,/emergency-qr-code,family_safety,P2,transactional,IN,secondary,,,,,hub:family_safety;priority:P2;intent:transactional;role:secondary
emergency QR keychain,/products/family-safety-tags,family_safety,P2,transactional,IN,secondary,,,,,hub:family_safety;priority:P2;intent:transactional;role:secondary
kids safety tag india,/products/family-safety-tags,family_safety,P2,transactional,IN,secondary,,,,,hub:family_safety;priority:P2;intent:transactional;role:secondary
medical alert tag for elderly india,/senior-citizen-safety-tag,family_safety,P2,transactional,IN,secondary,,,,,hub:family_safety;priority:P2;intent:transactional;role:secondary
medical emergency qr code,/emergency-qr-code,family_safety,P2,transactional,IN,secondary,,,,,hub:family_safety;priority:P2;intent:transactional;role:secondary
medical id for seniors india,/blog/senior-citizen-safety-tag-guide-india,family_safety,P2,informational,IN,secondary,,,,,hub:family_safety;priority:P2;intent:informational;role:secondary
medical info qr code,/emergency-qr-code,family_safety,P2,transactional,IN,secondary,,,,,hub:family_safety;priority:P2;intent:transactional;role:secondary
medical qr code,/emergency-qr-code,family_safety,P2,transactional,IN,secondary,,,,,hub:family_safety;priority:P2;intent:transactional;role:secondary
non-verbal child emergency id india,/autism-child-safety-tag,family_safety,P2,transactional,IN,secondary,,,,,hub:family_safety;priority:P2;intent:transactional;role:secondary
non-verbal child id tag india,/blog/autism-child-safety-guide-india,family_safety,P2,informational,IN,secondary,,,,,hub:family_safety;priority:P2;intent:informational;role:secondary
qr code for emergency contact,/emergency-qr-code,family_safety,P2,transactional,IN,secondary,,,,,hub:family_safety;priority:P2;intent:transactional;role:secondary
special needs child id bracelet india,/autism-child-safety-tag,family_safety,P2,transactional,IN,secondary,,,,,hub:family_safety;priority:P2;intent:transactional;role:secondary
special needs child safety tips india,/blog/autism-child-safety-guide-india,family_safety,P2,informational,IN,secondary,,,,,hub:family_safety;priority:P2;intent:informational;role:secondary
captain india pet tag alternative,/captain-india-alternative,pet,P2,comparison,IN,primary,,,,,hub:pet;priority:P2;intent:comparison;role:primary
digital dog identity card india,/blog/nfc-dog-tag-guide-india,pet,P2,informational,IN,primary,,,,,hub:pet;priority:P2;intent:informational;role:primary
lost and found qr tag,/lost-and-found-qr-tag,pet,P2,transactional,IN,primary,,,,,hub:pet;priority:P2;intent:transactional;role:primary
pet collar tag QR code,/products/pet-collar-tags,pet,P2,transactional,IN,primary,,,,,hub:pet;priority:P2;intent:transactional;role:primary
pet id tag qr code,/pet-id-profile,pet,P2,transactional,IN+GLOBAL,primary,,,,,hub:pet;priority:P2;intent:transactional;role:primary
pet microchip vs qr tag india,/blog/pet-microchip-vs-qr-tag-india,pet,P2,informational,IN,primary,,,,,hub:pet;priority:P2;intent:informational;role:primary
best captain india alternative,/captain-india-alternative,pet,P2,comparison,IN,secondary,,,,,hub:pet;priority:P2;intent:comparison;role:secondary
best pet id solution india,/blog/pet-microchip-vs-qr-tag-india,pet,P2,informational,IN,secondary,,,,,hub:pet;priority:P2;intent:informational;role:secondary
captain india vs profiletap pet tag,/captain-india-alternative,pet,P2,comparison,IN,secondary,,,,,hub:pet;priority:P2;intent:comparison;role:secondary
cat qr tag,/pet-id-profile,pet,P2,transactional,IN+GLOBAL,secondary,,,,,hub:pet;priority:P2;intent:transactional;role:secondary
dog qr tag,/pet-id-profile,pet,P2,transactional,IN+GLOBAL,secondary,,,,,hub:pet;priority:P2;intent:transactional;role:secondary
dog tag QR code,/products/pet-collar-tags,pet,P2,transactional,IN,secondary,,,,,hub:pet;priority:P2;intent:transactional;role:secondary
found item return qr tag,/lost-and-found-qr-tag,pet,P2,transactional,IN,secondary,,,,,hub:pet;priority:P2;intent:transactional;role:secondary
lost item qr tag,/lost-and-found-qr-tag,pet,P2,transactional,IN,secondary,,,,,hub:pet;priority:P2;intent:transactional;role:secondary
lost pet qr tag,/pet-id-profile,pet,P2,transactional,IN+GLOBAL,secondary,,,,,hub:pet;priority:P2;intent:transactional;role:secondary
lost pet tag,/products/pet-collar-tags,pet,P2,transactional,IN,secondary,,,,,hub:pet;priority:P2;intent:transactional;role:secondary
nfc dog tag guide india,/blog/nfc-dog-tag-guide-india,pet,P2,informational,IN,secondary,,,,,hub:pet;priority:P2;intent:informational;role:secondary
nfc pet tag vs rfid pet tag,/blog/pet-microchip-vs-qr-tag-india,pet,P2,informational,IN,secondary,,,,,hub:pet;priority:P2;intent:informational;role:secondary
pet id qr code,/pet-id-profile,pet,P2,transactional,IN+GLOBAL,secondary,,,,,hub:pet;priority:P2;intent:transactional;role:secondary
pet ID tag QR,/products/pet-collar-tags,pet,P2,transactional,IN,secondary,,,,,hub:pet;priority:P2;intent:transactional;role:secondary
pet qr tag,/pet-id-profile,pet,P2,transactional,IN+GLOBAL,secondary,,,,,hub:pet;priority:P2;intent:transactional;role:secondary
pet safety qr,/pet-id-profile,pet,P2,transactional,IN+GLOBAL,secondary,,,,,hub:pet;priority:P2;intent:transactional;role:secondary
pet safety tag,/pet-id-profile,pet,P2,transactional,IN+GLOBAL,secondary,,,,,hub:pet;priority:P2;intent:transactional;role:secondary
pets qr code,/pet-id-profile,pet,P2,transactional,IN+GLOBAL,secondary,,,,,hub:pet;priority:P2;intent:transactional;role:secondary
qr code for pet identification,/pet-id-profile,pet,P2,transactional,IN+GLOBAL,secondary,,,,,hub:pet;priority:P2;intent:transactional;role:secondary
qr code pet tag,/pet-id-profile,pet,P2,transactional,IN+GLOBAL,secondary,,,,,hub:pet;priority:P2;intent:transactional;role:secondary
qr lost and found tag,/lost-and-found-qr-tag,pet,P2,transactional,IN,secondary,,,,,hub:pet;priority:P2;intent:transactional;role:secondary
QR pet tag,/products/pet-collar-tags,pet,P2,transactional,IN,secondary,,,,,hub:pet;priority:P2;intent:transactional;role:secondary
qr pet tag vs gps tracker india,/blog/pet-microchip-vs-qr-tag-india,pet,P2,informational,IN,secondary,,,,,hub:pet;priority:P2;intent:informational;role:secondary
recovery qr tag,/lost-and-found-qr-tag,pet,P2,transactional,IN,secondary,,,,,hub:pet;priority:P2;intent:transactional;role:secondary
return contact qr tag,/lost-and-found-qr-tag,pet,P2,transactional,IN,secondary,,,,,hub:pet;priority:P2;intent:transactional;role:secondary
smart dog tag india,/blog/nfc-dog-tag-guide-india,pet,P2,informational,IN,secondary,,,,,hub:pet;priority:P2;intent:informational;role:secondary
smart lost and found tag,/lost-and-found-qr-tag,pet,P2,transactional,IN,secondary,,,,,hub:pet;priority:P2;intent:transactional;role:secondary
smart pet tag india,/products/pet-collar-tags,pet,P2,transactional,IN,secondary,,,,,hub:pet;priority:P2;intent:transactional;role:secondary
what is nfc pet tag,/blog/nfc-dog-tag-guide-india,pet,P2,informational,IN,secondary,,,,,hub:pet;priority:P2;intent:informational;role:secondary
how to track lost luggage india,/blog/how-to-track-lost-luggage-india,travel,P2,informational,IN,primary,,,,,hub:travel;priority:P2;intent:informational;role:primary
smart luggage tag QR,/products/luggage-tags,travel,P2,transactional,IN,primary,,,,,hub:travel;priority:P2;intent:transactional;role:primary
smart luggage tag vs airtag india blog,/blog/smart-luggage-tag-vs-airtag-india,travel,P2,informational,IN,primary,,,,,hub:travel;priority:P2;intent:informational;role:primary
airtag vs qr luggage tag,/blog/smart-luggage-tag-vs-airtag-india,travel,P2,informational,IN,secondary,,,,,hub:travel;priority:P2;intent:informational;role:secondary
best luggage tracker india,/blog/smart-luggage-tag-vs-airtag-india,travel,P2,informational,IN,secondary,,,,,hub:travel;priority:P2;intent:informational;role:secondary
custom luggage tag,/products/luggage-tags,travel,P2,transactional,IN,secondary,,,,,hub:travel;priority:P2;intent:transactional;role:secondary
lost bag at airport india,/blog/how-to-track-lost-luggage-india,travel,P2,informational,IN,secondary,,,,,hub:travel;priority:P2;intent:informational;role:secondary
luggage recovery tips india,/blog/how-to-track-lost-luggage-india,travel,P2,informational,IN,secondary,,,,,hub:travel;priority:P2;intent:informational;role:secondary
luggage tag vs bluetooth tracker,/blog/smart-luggage-tag-vs-airtag-india,travel,P2,informational,IN,secondary,,,,,hub:travel;priority:P2;intent:informational;role:secondary
QR luggage tag india,/products/luggage-tags,travel,P2,transactional,IN,secondary,,,,,hub:travel;priority:P2;intent:transactional;role:secondary
smart luggage tag,/products/luggage-tags,travel,P2,transactional,IN,secondary,,,,,hub:travel;priority:P2;intent:transactional;role:secondary
travel luggage tag QR,/products/luggage-tags,travel,P2,transactional,IN,secondary,,,,,hub:travel;priority:P2;intent:transactional;role:secondary
what to do when luggage is lost india,/blog/how-to-track-lost-luggage-india,travel,P2,informational,IN,secondary,,,,,hub:travel;priority:P2;intent:informational;role:secondary
car QR code sticker india,/products/car-stickers,vehicle,P2,transactional,IN,primary,,,,,hub:vehicle;priority:P2;intent:transactional;role:primary
delivery bike qr tag india,/blog/delivery-rider-safety-tag-india,vehicle,P2,informational,IN,primary,,,,,hub:vehicle;priority:P2;intent:informational;role:primary
helmet qr sticker india,/helmet-qr-sticker-india,vehicle,P2,transactional,IN,primary,,,,,hub:vehicle;priority:P2;intent:transactional;role:primary
helmet safety qr sticker guide india,/blog/helmet-safety-qr-sticker-guide-india,vehicle,P2,informational,IN,primary,,,,,hub:vehicle;priority:P2;intent:informational;role:primary
vehicle qr code sticker,/vehicle-qr-code-sticker,vehicle,P2,transactional,IN,primary,,,,,hub:vehicle;priority:P2;intent:transactional;role:primary
vehitag alternative,/vehitag-alternative,vehicle,P2,comparison,IN,primary,,,,,hub:vehicle;priority:P2;intent:comparison;role:primary
best helmet qr sticker india,/blog/helmet-safety-qr-sticker-guide-india,vehicle,P2,informational,IN,secondary,,,,,hub:vehicle;priority:P2;intent:informational;role:secondary
best vehitag alternative india,/vehitag-alternative,vehicle,P2,comparison,IN,secondary,,,,,hub:vehicle;priority:P2;intent:comparison;role:secondary
bike helmet safety sticker india,/helmet-qr-sticker-india,vehicle,P2,transactional,IN,secondary,,,,,hub:vehicle;priority:P2;intent:transactional;role:secondary
bike qr code tag,/vehicle-qr-code-sticker,vehicle,P2,transactional,IN,secondary,,,,,hub:vehicle;priority:P2;intent:transactional;role:secondary
bike QR sticker,/products/car-stickers,vehicle,P2,transactional,IN,secondary,,,,,hub:vehicle;priority:P2;intent:transactional;role:secondary
car owner contact qr code,/vehicle-qr-code-sticker,vehicle,P2,transactional,IN,secondary,,,,,hub:vehicle;priority:P2;intent:transactional;role:secondary
car parking sticker QR,/products/car-stickers,vehicle,P2,transactional,IN,secondary,,,,,hub:vehicle;priority:P2;intent:transactional;role:secondary
car qr code sticker,/vehicle-qr-code-sticker,vehicle,P2,transactional,IN,secondary,,,,,hub:vehicle;priority:P2;intent:transactional;role:secondary
delivery rider safety sticker india,/blog/delivery-rider-safety-tag-india,vehicle,P2,informational,IN,secondary,,,,,hub:vehicle;priority:P2;intent:informational;role:secondary
emergency contact car sticker,/vehicle-qr-code-sticker,vehicle,P2,transactional,IN,secondary,,,,,hub:vehicle;priority:P2;intent:transactional;role:secondary
food delivery bike safety tag india,/blog/delivery-rider-safety-tag-india,vehicle,P2,informational,IN,secondary,,,,,hub:vehicle;priority:P2;intent:informational;role:secondary
parking contact qr code,/vehicle-qr-code-sticker,vehicle,P2,transactional,IN,secondary,,,,,hub:vehicle;priority:P2;intent:transactional;role:secondary
parking contact sticker,/products/car-stickers,vehicle,P2,transactional,IN,secondary,,,,,hub:vehicle;priority:P2;intent:transactional;role:secondary
rider qr safety tag india,/helmet-qr-sticker-india,vehicle,P2,transactional,IN,secondary,,,,,hub:vehicle;priority:P2;intent:transactional;role:secondary
rider safety qr tag india,/blog/helmet-safety-qr-sticker-guide-india,vehicle,P2,informational,IN,secondary,,,,,hub:vehicle;priority:P2;intent:informational;role:secondary
two wheeler helmet sticker qr,/helmet-qr-sticker-india,vehicle,P2,transactional,IN,secondary,,,,,hub:vehicle;priority:P2;intent:transactional;role:secondary
two wheeler safety sticker guide,/blog/helmet-safety-qr-sticker-guide-india,vehicle,P2,informational,IN,secondary,,,,,hub:vehicle;priority:P2;intent:informational;role:secondary
vehicle owner contact qr,/vehicle-qr-code-sticker,vehicle,P2,transactional,IN,secondary,,,,,hub:vehicle;priority:P2;intent:transactional;role:secondary
vehicle QR sticker,/products/car-stickers,vehicle,P2,transactional,IN,secondary,,,,,hub:vehicle;priority:P2;intent:transactional;role:secondary
vehicle qr sticker alternative india,/vehitag-alternative,vehicle,P2,comparison,IN,secondary,,,,,hub:vehicle;priority:P2;intent:comparison;role:secondary
vehitag vs profiletap,/vehitag-alternative,vehicle,P2,comparison,IN,secondary,,,,,hub:vehicle;priority:P2;intent:comparison;role:secondary
wrong parking qr sticker,/vehicle-qr-code-sticker,vehicle,P2,transactional,IN,secondary,,,,,hub:vehicle;priority:P2;intent:transactional;role:secondary
zomato swiggy rider qr tag,/blog/delivery-rider-safety-tag-india,vehicle,P2,informational,IN,secondary,,,,,hub:vehicle;priority:P2;intent:informational;role:secondary
ai business assistant india,/blog/ai-assistant-indian-business-guide,business,P3,informational,IN,primary,,,,,hub:business;priority:P3;intent:informational;role:primary
ai business review management,/blog/ai-business-review-management-guide,business,P3,informational,IN+GLOBAL,primary,,,,,hub:business;priority:P3;intent:informational;role:primary
best ai tools for small business 2026,/blog/ai-tools-small-business-india,business,P3,informational,IN,primary,,,,,hub:business;priority:P3;intent:informational;role:primary
best digital business card for doctors in india,/blog/best-digital-business-card-for-doctors-india,business,P3,informational,IN,primary,,,,,hub:business;priority:P3;intent:informational;role:primary
digital business card ahmedabad,/digital-business-card-ahmedabad,business,P3,transactional,IN,primary,,,,,hub:business;priority:P3;intent:transactional;role:primary
digital business card pune,/digital-business-card-pune,business,P3,transactional,IN,primary,,,,,hub:business;priority:P3;intent:transactional;role:primary
how nfc business cards work,/blog/how-nfc-business-cards-work,business,P3,informational,IN+GLOBAL,primary,,,,,hub:business;priority:P3;intent:informational;role:primary
how qr code works,/blog/how-qr-code-works,business,P3,informational,IN+GLOBAL,primary,,,,,hub:business;priority:P3;intent:informational;role:primary
how to create a digital business card for your business,/blog/how-to-create-digital-business-card,business,P3,informational,IN+GLOBAL,primary,,,,,hub:business;priority:P3;intent:informational;role:primary
how to use nfc business card,/blog/how-to-use-nfc-business-card,business,P3,informational,IN,primary,,,,,hub:business;priority:P3;intent:informational;role:primary
nfc business card vs qr code,/blog/nfc-business-card-vs-qr-code,business,P3,informational,IN+GLOBAL,primary,,,,,hub:business;priority:P3;intent:informational;role:primary
paper business card vs digital business card,/blog/paper-vs-digital-business-card,business,P3,informational,IN+GLOBAL,primary,,,,,hub:business;priority:P3;intent:informational;role:primary
what is digital business card,/blog/what-is-digital-business-card,business,P3,informational,IN+GLOBAL,primary,,,,,hub:business;priority:P3;intent:informational;role:primary
digital visiting card ahmedabad,/digital-business-card-ahmedabad,business,P3,transactional,IN,secondary,,,,,hub:business;priority:P3;intent:transactional;role:secondary
digital visiting card pune,/digital-business-card-pune,business,P3,transactional,IN,secondary,,,,,hub:business;priority:P3;intent:transactional;role:secondary
nfc business card ahmedabad,/digital-business-card-ahmedabad,business,P3,transactional,IN,secondary,,,,,hub:business;priority:P3;intent:transactional;role:secondary
nfc business card pune,/digital-business-card-pune,business,P3,transactional,IN,secondary,,,,,hub:business;priority:P3;intent:transactional;role:secondary
best instagram bio ideas for creators,/blog/best-instagram-bio-ideas-for-creators,creator,P3,informational,IN+GLOBAL,primary,,,,,hub:creator;priority:P3;intent:informational;role:primary
best link in bio tools india,/blog/best-link-in-bio-tools-india,creator,P3,informational,IN,primary,,,,,hub:creator;priority:P3;intent:informational;role:primary
digital business card for influencers guide,/blog/digital-business-card-for-influencers-guide,creator,P3,informational,IN+GLOBAL,primary,,,,,hub:creator;priority:P3;intent:informational;role:primary
how to build personal brand online,/blog/how-to-build-personal-brand-online,creator,P3,informational,IN+GLOBAL,primary,,,,,hub:creator;priority:P3;intent:informational;role:primary
child safety tags india,/blog/child-safety-tags-guide-india,family_safety,P3,informational,IN,primary,,,,,hub:family_safety;priority:P3;intent:informational;role:primary
emergency contact card for kids,/blog/emergency-contact-card-for-kids,family_safety,P3,informational,IN+GLOBAL,primary,,,,,hub:family_safety;priority:P3;intent:informational;role:primary
family safety profile,/family-safety-profile,family_safety,P3,commercial,IN+GLOBAL,primary,,,,,hub:family_safety;priority:P3;intent:commercial;role:primary
medical emergency qr code,/blog/medical-emergency-qr-code-guide,family_safety,P3,informational,IN+GLOBAL,primary,,,,,hub:family_safety;priority:P3;intent:informational;role:primary
child safe tag,/family-safety-profile,family_safety,P3,commercial,IN+GLOBAL,secondary,,,,,hub:family_safety;priority:P3;intent:commercial;role:secondary
child safety tags,/family-safety-profile,family_safety,P3,commercial,IN+GLOBAL,secondary,,,,,hub:family_safety;priority:P3;intent:commercial;role:secondary
children safety tags,/family-safety-profile,family_safety,P3,commercial,IN+GLOBAL,secondary,,,,,hub:family_safety;priority:P3;intent:commercial;role:secondary
family safety app apk,/family-safety-profile,family_safety,P3,commercial,IN+GLOBAL,secondary,,,,,hub:family_safety;priority:P3;intent:commercial;role:secondary
family safety app kya hai,/family-safety-profile,family_safety,P3,commercial,IN+GLOBAL,secondary,,,,,hub:family_safety;priority:P3;intent:commercial;role:secondary
family safety tags,/family-safety-profile,family_safety,P3,commercial,IN+GLOBAL,secondary,,,,,hub:family_safety;priority:P3;intent:commercial;role:secondary
family safety tool,/family-safety-profile,family_safety,P3,commercial,IN+GLOBAL,secondary,,,,,hub:family_safety;priority:P3;intent:commercial;role:secondary
kids safety name tags,/family-safety-profile,family_safety,P3,commercial,IN+GLOBAL,secondary,,,,,hub:family_safety;priority:P3;intent:commercial;role:secondary
safety tags for children,/family-safety-profile,family_safety,P3,commercial,IN+GLOBAL,secondary,,,,,hub:family_safety;priority:P3;intent:commercial;role:secondary
school bag safety tags,/family-safety-profile,family_safety,P3,commercial,IN+GLOBAL,secondary,,,,,hub:family_safety;priority:P3;intent:commercial;role:secondary
best pet id solutions india,/blog/best-pet-id-solutions-india,pet,P3,informational,IN,primary,,,,,hub:pet;priority:P3;intent:informational;role:primary
how pet qr tags work,/blog/how-pet-qr-tags-work,pet,P3,informational,IN+GLOBAL,primary,,,,,hub:pet;priority:P3;intent:informational;role:primary
how to make dog id tag qr code,/blog/how-to-make-dog-id-tag-qr,pet,P3,informational,IN+GLOBAL,primary,,,,,hub:pet;priority:P3;intent:informational;role:primary
lost pet prevention tips,/blog/lost-pet-prevention-tips-qr,pet,P3,informational,IN+GLOBAL,primary,,,,,hub:pet;priority:P3;intent:informational;role:primary
qr luggage tag,/qr-luggage-tag,travel,P3,transactional,IN+GLOBAL,primary,,,,,hub:travel;priority:P3;intent:transactional;role:primary
smart luggage tag guide,/blog/smart-luggage-tag-guide,travel,P3,informational,IN+GLOBAL,primary,,,,,hub:travel;priority:P3;intent:informational;role:primary
travel qr code,/travel-profile,travel,P3,transactional,IN+GLOBAL,primary,,,,,hub:travel;priority:P3;intent:transactional;role:primary
travel safety tips qr codes,/blog/travel-safety-tips-qr-codes,travel,P3,informational,IN+GLOBAL,primary,,,,,hub:travel;priority:P3;intent:informational;role:primary
airport luggage qr tag,/qr-luggage-tag,travel,P3,transactional,IN+GLOBAL,secondary,,,,,hub:travel;priority:P3;intent:transactional;role:secondary
bag qr tag,/qr-luggage-tag,travel,P3,transactional,IN+GLOBAL,secondary,,,,,hub:travel;priority:P3;intent:transactional;role:secondary
digital travel profile,/travel-profile,travel,P3,transactional,IN+GLOBAL,secondary,,,,,hub:travel;priority:P3;intent:transactional;role:secondary
lost luggage qr tag,/qr-luggage-tag,travel,P3,transactional,IN+GLOBAL,secondary,,,,,hub:travel;priority:P3;intent:transactional;role:secondary
luggage qr tag,/qr-luggage-tag,travel,P3,transactional,IN+GLOBAL,secondary,,,,,hub:travel;priority:P3;intent:transactional;role:secondary
smart luggage tag,/qr-luggage-tag,travel,P3,transactional,IN+GLOBAL,secondary,,,,,hub:travel;priority:P3;intent:transactional;role:secondary
suitcase qr tag,/qr-luggage-tag,travel,P3,transactional,IN+GLOBAL,secondary,,,,,hub:travel;priority:P3;intent:transactional;role:secondary
tourist qr code,/travel-profile,travel,P3,transactional,IN+GLOBAL,secondary,,,,,hub:travel;priority:P3;intent:transactional;role:secondary
travel bag qr tag,/qr-luggage-tag,travel,P3,transactional,IN+GLOBAL,secondary,,,,,hub:travel;priority:P3;intent:transactional;role:secondary
travel contact qr code,/travel-profile,travel,P3,transactional,IN+GLOBAL,secondary,,,,,hub:travel;priority:P3;intent:transactional;role:secondary
travel digital card,/travel-profile,travel,P3,transactional,IN+GLOBAL,secondary,,,,,hub:travel;priority:P3;intent:transactional;role:secondary
travel identity card,/travel-profile,travel,P3,transactional,IN+GLOBAL,secondary,,,,,hub:travel;priority:P3;intent:transactional;role:secondary
travel safety qr,/travel-profile,travel,P3,transactional,IN+GLOBAL,secondary,,,,,hub:travel;priority:P3;intent:transactional;role:secondary
bike qr code tag india,/blog/bike-qr-code-tag-india,vehicle,P3,informational,IN,primary,,,,,hub:vehicle;priority:P3;intent:informational;role:primary
parking contact qr code,/blog/parking-contact-qr-code-guide,vehicle,P3,informational,IN,primary,,,,,hub:vehicle;priority:P3;intent:informational;role:primary
vehicle emergency sticker guide,/blog/vehicle-emergency-sticker-guide,vehicle,P3,informational,IN+GLOBAL,primary,,,,,hub:vehicle;priority:P3;intent:informational;role:primary
vehicle qr code,/vehicle-profile,vehicle,P3,transactional,IN+GLOBAL,primary,,,,,hub:vehicle;priority:P3;intent:transactional;role:primary
automotive qr code,/vehicle-profile,vehicle,P3,transactional,IN+GLOBAL,secondary,,,,,hub:vehicle;priority:P3;intent:transactional;role:secondary
car qr code,/vehicle-profile,vehicle,P3,transactional,IN+GLOBAL,secondary,,,,,hub:vehicle;priority:P3;intent:transactional;role:secondary
qr code for vehicle registration,/vehicle-profile,vehicle,P3,transactional,IN+GLOBAL,secondary,,,,,hub:vehicle;priority:P3;intent:transactional;role:secondary
rc qr code,/vehicle-profile,vehicle,P3,transactional,IN+GLOBAL,secondary,,,,,hub:vehicle;priority:P3;intent:transactional;role:secondary
vehicle details qr code,/vehicle-profile,vehicle,P3,transactional,IN+GLOBAL,secondary,,,,,hub:vehicle;priority:P3;intent:transactional;role:secondary
vehicle verification qr code,/vehicle-profile,vehicle,P3,transactional,IN+GLOBAL,secondary,,,,,hub:vehicle;priority:P3;intent:transactional;role:secondary
