keyword,source_category,observed_intent,market,modifier_type,root_topic,canonical_keyword,canonical_page_slug,keep_status,merge_reason,notes,ubersuggest_volume,ubersuggest_kd,ubersuggest_cpc,ubersuggest_last_checked
identity management platform,Platform,commercial,IN+GLOBAL,none,smart_identity_platform,smart identity platform,/,keep_secondary,platform family consolidation,source_sheet=Identity Platform; suggested_page=/identity-platform; priority_hint=primary; volume_hint=low,,,,
digital identity platform,Platform,commercial,IN+GLOBAL,none,smart_identity_platform,smart identity platform,/,keep_secondary,platform family consolidation,source_sheet=Identity Platform; suggested_page=/identity-platform; priority_hint=primary; volume_hint=low,,,,
smart identity platform,Platform,informational,IN+GLOBAL,none,smart_identity_platform,smart identity platform,/,keep_primary,platform family consolidation,,,,,
personal identity management system,Platform,informational,IN+GLOBAL,none,smart_identity_platform,smart identity platform,/,keep_secondary,platform family consolidation,,,,,
business identity management platform,Platform,informational,IN+GLOBAL,none,business_identity_management_platform,business identity management platform,/business-identity,keep_primary,business identity platform variation,,,,,
digital profile management system,Platform,informational,IN+GLOBAL,none,smart_identity_platform,smart identity platform,/,keep_secondary,platform family consolidation,,,,,
online identity profile platform,Platform,informational,IN+GLOBAL,online,smart_identity_platform,smart identity platform,/,keep_secondary,platform family consolidation,,,,,
professional identity platform,Platform,informational,IN+GLOBAL,none,business_identity_management_platform,business identity management platform,/business-identity,keep_secondary,business identity platform variation,,,,,
digital identity card system,Platform,informational,IN+GLOBAL,none,smart_identity_platform,smart identity platform,/,keep_secondary,platform family consolidation,,,,,
personal branding platform India,Platform,informational,IN,country,creator_identity_platform,personal branding platform india,/creator-identity,keep_primary,creator-hub family seed,,,,,
digital profile builder,Platform,informational,IN+GLOBAL,none,smart_identity_platform,smart identity platform,/,keep_secondary,platform family consolidation,,,,,
smart profile platform,Platform,informational,IN+GLOBAL,none,smart_identity_platform,smart identity platform,/,keep_secondary,platform family consolidation,,,,,
identity platform for businesses,Platform,informational,IN+GLOBAL,none,business_identity_management_platform,business identity management platform,/business-identity,keep_secondary,business identity platform variation,,,,,
unified identity platform,Platform,informational,IN+GLOBAL,none,smart_identity_platform,smart identity platform,/,keep_secondary,platform family consolidation,,,,,
online identity system,Platform,informational,IN+GLOBAL,online,smart_identity_platform,smart identity platform,/,keep_secondary,platform family consolidation,,,,,
digital profile system India,Platform,informational,IN,country,smart_identity_platform,smart identity platform,/,keep_secondary,platform family consolidation,,,,,
identity platform India,Platform,informational,IN,country,smart_identity_platform,smart identity platform,/,keep_secondary,platform family consolidation,,,,,
profile management platform,Platform,informational,IN+GLOBAL,none,smart_identity_platform,smart identity platform,/,keep_secondary,platform family consolidation,,,,,
identity platform for professionals,Platform,informational,IN+GLOBAL,none,business_identity_management_platform,business identity management platform,/business-identity,keep_secondary,business identity platform variation,,,,,
link in bio alternative India,Platform,informational,IN,comparison,linktree_alternative_for_creators,linktree alternative for creators,/linktree-alternative-for-creators,keep_secondary,creator comparison family,,,,,
digital business card,Business,transactional,IN+GLOBAL,none,digital_business_card,digital business card india,/digital-business-card-india,keep_secondary,digital business card family,,,,,
digital business card India,Business,transactional,IN,country,digital_business_card,digital business card india,/digital-business-card-india,keep_primary,digital business card family,,,,,
NFC business card,Business,transactional,IN+GLOBAL,feature,nfc_business_card,nfc business card india,/nfc-business-card-india,keep_secondary,nfc business card family,,,,,
NFC business card India,Business,transactional,IN,country,nfc_business_card,nfc business card india,/nfc-business-card-india,keep_primary,nfc business card family,,,,,
QR code business card,Business,transactional,IN+GLOBAL,feature,qr_business_card,qr business card,/qr-business-card,keep_secondary,qr business card family,,,,,
digital business card for doctors,Use Case,transactional,IN+GLOBAL,profession,digital_business_card_for_doctors,digital business card for doctors,/digital-business-card-for-doctors,keep_primary,doctors profession family,,,,,
NFC business card for doctors,Use Case,transactional,IN+GLOBAL,profession,digital_business_card_for_doctors,digital business card for doctors,/digital-business-card-for-doctors,keep_secondary,doctors profession family,,,,,
QR code profile for doctors,Use Case,transactional,IN+GLOBAL,profession,digital_business_card_for_doctors,digital business card for doctors,/digital-business-card-for-doctors,keep_secondary,doctors profession family,,,,,
professional digital business card for doctors,Use Case,transactional,IN+GLOBAL,profession,digital_business_card_for_doctors,digital business card for doctors,/digital-business-card-for-doctors,keep_secondary,doctors profession family,,,,,
professional NFC business card for doctors,Use Case,transactional,IN+GLOBAL,profession,digital_business_card_for_doctors,digital business card for doctors,/digital-business-card-for-doctors,keep_secondary,doctors profession family,,,,,
digital business card for freelancers,Use Case,transactional,IN+GLOBAL,profession,digital_business_card_for_freelancers,digital business card for freelancers,/digital-business-card-for-freelancers,keep_primary,freelancers profession family,,,,,
NFC business card for freelancers,Use Case,transactional,IN+GLOBAL,profession,digital_business_card_for_freelancers,digital business card for freelancers,/digital-business-card-for-freelancers,keep_secondary,freelancers profession family,,,,,
QR code profile for freelancers,Use Case,transactional,IN+GLOBAL,profession,digital_business_card_for_freelancers,digital business card for freelancers,/digital-business-card-for-freelancers,keep_secondary,freelancers profession family,,,,,
professional digital business card for freelancers,Use Case,transactional,IN+GLOBAL,profession,digital_business_card_for_freelancers,digital business card for freelancers,/digital-business-card-for-freelancers,keep_secondary,freelancers profession family,,,,,
professional NFC business card for freelancers,Use Case,transactional,IN+GLOBAL,profession,digital_business_card_for_freelancers,digital business card for freelancers,/digital-business-card-for-freelancers,keep_secondary,freelancers profession family,,,,,
digital business card for real estate agents,Use Case,transactional,IN+GLOBAL,profession,digital_business_card_for_real_estate_agents,digital business card for real estate agents,/digital-business-card-for-real-estate-agents,keep_primary,real estate agents profession family,,,,,
NFC business card for real estate agents,Use Case,transactional,IN+GLOBAL,profession,digital_business_card_for_real_estate_agents,digital business card for real estate agents,/digital-business-card-for-real-estate-agents,keep_secondary,real estate agents profession family,,,,,
QR code profile for real estate agents,Use Case,transactional,IN+GLOBAL,profession,digital_business_card_for_real_estate_agents,digital business card for real estate agents,/digital-business-card-for-real-estate-agents,keep_secondary,real estate agents profession family,,,,,
professional digital business card for real estate agents,Use Case,transactional,IN+GLOBAL,profession,digital_business_card_for_real_estate_agents,digital business card for real estate agents,/digital-business-card-for-real-estate-agents,keep_secondary,real estate agents profession family,,,,,
professional NFC business card for real estate agents,Use Case,transactional,IN+GLOBAL,profession,digital_business_card_for_real_estate_agents,digital business card for real estate agents,/digital-business-card-for-real-estate-agents,keep_secondary,real estate agents profession family,,,,,
digital business card for influencers,Use Case,transactional,IN+GLOBAL,profession,digital_business_card_for_creators,digital business card for creators,/digital-business-card-for-creators,keep_secondary,influencers profession family,,,,,
NFC business card for influencers,Use Case,transactional,IN+GLOBAL,profession,digital_business_card_for_creators,digital business card for creators,/digital-business-card-for-creators,keep_secondary,influencers profession family,,,,,
QR code profile for influencers,Use Case,transactional,IN+GLOBAL,profession,digital_business_card_for_creators,digital business card for creators,/digital-business-card-for-creators,keep_secondary,influencers profession family,,,,,
professional digital business card for influencers,Use Case,transactional,IN+GLOBAL,profession,digital_business_card_for_creators,digital business card for creators,/digital-business-card-for-creators,keep_secondary,influencers profession family,,,,,
professional NFC business card for influencers,Use Case,transactional,IN+GLOBAL,profession,digital_business_card_for_creators,digital business card for creators,/digital-business-card-for-creators,keep_secondary,influencers profession family,,,,,
digital business card for youtubers,Use Case,transactional,IN+GLOBAL,profession,digital_business_card_for_creators,digital business card for creators,/digital-business-card-for-creators,keep_secondary,youtubers profession family,,,,,
NFC business card for youtubers,Use Case,transactional,IN+GLOBAL,profession,digital_business_card_for_creators,digital business card for creators,/digital-business-card-for-creators,keep_secondary,youtubers profession family,,,,,
QR code profile for youtubers,Use Case,transactional,IN+GLOBAL,profession,digital_business_card_for_creators,digital business card for creators,/digital-business-card-for-creators,keep_secondary,youtubers profession family,,,,,
professional digital business card for youtubers,Use Case,transactional,IN+GLOBAL,profession,digital_business_card_for_creators,digital business card for creators,/digital-business-card-for-creators,keep_secondary,youtubers profession family,,,,,
professional NFC business card for youtubers,Use Case,transactional,IN+GLOBAL,profession,digital_business_card_for_creators,digital business card for creators,/digital-business-card-for-creators,keep_secondary,youtubers profession family,,,,,
digital business card for bloggers,Use Case,transactional,IN+GLOBAL,profession,digital_business_card_for_creators,digital business card for creators,/digital-business-card-for-creators,keep_secondary,bloggers profession family,,,,,
NFC business card for bloggers,Use Case,transactional,IN+GLOBAL,profession,digital_business_card_for_creators,digital business card for creators,/digital-business-card-for-creators,keep_secondary,bloggers profession family,,,,,
QR code profile for bloggers,Use Case,transactional,IN+GLOBAL,profession,digital_business_card_for_creators,digital business card for creators,/digital-business-card-for-creators,keep_secondary,bloggers profession family,,,,,
professional digital business card for bloggers,Use Case,transactional,IN+GLOBAL,profession,digital_business_card_for_creators,digital business card for creators,/digital-business-card-for-creators,keep_secondary,bloggers profession family,,,,,
professional NFC business card for bloggers,Use Case,transactional,IN+GLOBAL,profession,digital_business_card_for_creators,digital business card for creators,/digital-business-card-for-creators,keep_secondary,bloggers profession family,,,,,
qr luggage tag,Supplemental,transactional,IN+GLOBAL,feature,qr_luggage_tag,qr luggage tag,/qr-luggage-tag,keep_primary,travel utility family,Supplemental utility keyword from market-language review.,,,,
lost and found qr tag,Supplemental,transactional,IN+GLOBAL,feature,lost_and_found_qr_tag,lost and found qr tag,/lost-and-found-qr-tag,keep_primary,pet utility family,Supplemental utility keyword from market-language review.,,,,
pet qr tag,Supplemental,transactional,IN+GLOBAL,feature,pet_id_profile,pet id tag qr code,/pet-id-profile,keep_secondary,pet identity hub family,Supplemental utility keyword from market-language review.,,,,
qr code for pet identification,Supplemental,transactional,IN+GLOBAL,feature,pet_id_profile,pet id tag qr code,/pet-id-profile,keep_secondary,pet identity hub family,Supplemental utility keyword from market-language review.,,,,
emergency qr code,Supplemental,transactional,IN+GLOBAL,feature,emergency_qr_code,emergency qr code,/emergency-qr-code,keep_primary,family safety utility family,Supplemental utility keyword from market-language review.,,,,
vehicle qr code sticker,Use Case,transactional,IN+GLOBAL,feature,vehicle_qr_code_sticker,vehicle qr code sticker,/vehicle-qr-code-sticker,keep_primary,vehicle utility family,source_sheet=Vehicle; suggested_page=/product; priority_hint=secondary; volume_hint=medium,,,,
bike qr code tag,Supplemental,transactional,IN+GLOBAL,feature,vehicle_qr_code_sticker,vehicle qr code sticker,/vehicle-qr-code-sticker,keep_secondary,vehicle utility family,Supplemental utility keyword from market-language review.,,,,
HiHello alternative,Competitor,commercial,IN+GLOBAL,comparison,hihello_alternative,hihello alternative india,/hihello-alternative-india,keep_secondary,hihello alternative family,,,,,
HiHello alternative India,Competitor,commercial,IN,comparison,hihello_alternative,hihello alternative india,/hihello-alternative-india,keep_primary,hihello alternative family,,,,,
TapMo alternative,Competitor,commercial,IN+GLOBAL,comparison,tapmo_alternative,tapmo alternative,/tapmo-alternative,keep_primary,tapmo alternative family,,,,,
TapMo alternative India,Competitor,commercial,IN,comparison,tapmo_alternative,tapmo alternative,/tapmo-alternative,keep_secondary,tapmo alternative family,,,,,
Linktree alternative,Competitor,commercial,IN+GLOBAL,comparison,linktree_alternative_for_creators,linktree alternative for creators,/linktree-alternative-for-creators,keep_secondary,creator comparison family,,,,,
Linktree alternative India,Competitor,commercial,IN,comparison,linktree_alternative_for_creators,linktree alternative for creators,/linktree-alternative-for-creators,keep_secondary,creator comparison family,,,,,
ProfileTap vs HiHello,Competitor,commercial,IN+GLOBAL,comparison,profiletap_vs_hihello,profiletap vs hihello,/profiletap-vs-hihello,keep_primary,vs family separated from alternative intent,,,,,
ProfileTap vs TapMo,Competitor,commercial,IN+GLOBAL,comparison,profiletap_vs_tapmo,profiletap vs tapmo,/profiletap-vs-tapmo,keep_primary,vs family separated from alternative intent,,,,,
ProfileTap vs Linktree,Competitor,commercial,IN+GLOBAL,comparison,linktree_alternative_for_creators,linktree alternative for creators,/linktree-alternative-for-creators,keep_secondary,creator comparison family,,,,,
what is digital business card,Discovery,informational,IN+GLOBAL,none,what_is_digital_business_card,what is digital business card,/blog/what-is-digital-business-card,keep_primary,support content family,,,,,
how NFC business cards work,Discovery,informational,IN+GLOBAL,feature,how_nfc_business_cards_work,how nfc business cards work,/blog/how-nfc-business-cards-work,keep_primary,support content family,,,,,
how QR code works,Discovery,informational,IN+GLOBAL,feature,how_qr_code_works,how qr code works,/blog/how-qr-code-works,keep_primary,support content family,,,,,
medical emergency qr code,Supplemental,transactional,IN+GLOBAL,feature,emergency_qr_code,emergency qr code,/emergency-qr-code,keep_secondary,family safety utility family,Supplemental utility keyword from market-language review.,,,,
emergency contact qr code,Supplemental,transactional,IN+GLOBAL,feature,emergency_qr_code,emergency qr code,/emergency-qr-code,keep_secondary,family safety utility family,Supplemental utility keyword from market-language review.,,,,
medical qr code,Supplemental,transactional,IN+GLOBAL,feature,emergency_qr_code,emergency qr code,/emergency-qr-code,keep_secondary,family safety utility family,Supplemental utility keyword from market-language review.,,,,
medical info qr code,Supplemental,transactional,IN+GLOBAL,feature,emergency_qr_code,emergency qr code,/emergency-qr-code,keep_secondary,family safety utility family,Supplemental utility keyword from market-language review.,,,,
emergency medical information qr,Supplemental,transactional,IN+GLOBAL,feature,emergency_qr_code,emergency qr code,/emergency-qr-code,keep_secondary,family safety utility family,Supplemental utility keyword from market-language review.,,,,
emergency profile qr code,Supplemental,transactional,IN+GLOBAL,feature,emergency_qr_code,emergency qr code,/emergency-qr-code,keep_secondary,family safety utility family,Supplemental utility keyword from market-language review.,,,,
qr code for emergency contact,Supplemental,transactional,IN+GLOBAL,feature,emergency_qr_code,emergency qr code,/emergency-qr-code,keep_secondary,family safety utility family,Supplemental utility keyword from market-language review.,,,,
lost item qr tag,Supplemental,transactional,IN+GLOBAL,feature,lost_and_found_qr_tag,lost and found qr tag,/lost-and-found-qr-tag,keep_secondary,pet utility family,Supplemental utility keyword from market-language review.,,,,
qr lost and found tag,Supplemental,transactional,IN+GLOBAL,feature,lost_and_found_qr_tag,lost and found qr tag,/lost-and-found-qr-tag,keep_secondary,pet utility family,Supplemental utility keyword from market-language review.,,,,
found item return qr tag,Supplemental,transactional,IN+GLOBAL,feature,lost_and_found_qr_tag,lost and found qr tag,/lost-and-found-qr-tag,keep_secondary,pet utility family,Supplemental utility keyword from market-language review.,,,,
smart lost and found tag,Supplemental,transactional,IN+GLOBAL,none,lost_and_found_qr_tag,lost and found qr tag,/lost-and-found-qr-tag,keep_secondary,pet utility family,Supplemental utility keyword from market-language review.,,,,
recovery qr tag,Supplemental,transactional,IN+GLOBAL,feature,lost_and_found_qr_tag,lost and found qr tag,/lost-and-found-qr-tag,keep_secondary,pet utility family,Supplemental utility keyword from market-language review.,,,,
return contact qr tag,Supplemental,transactional,IN+GLOBAL,feature,lost_and_found_qr_tag,lost and found qr tag,/lost-and-found-qr-tag,keep_secondary,pet utility family,Supplemental utility keyword from market-language review.,,,,
pet id tag qr code,Supplemental,transactional,IN+GLOBAL,feature,pet_id_profile,pet id tag qr code,/pet-id-profile,keep_primary,pet identity hub family,Supplemental utility keyword from market-language review.,,,,
pet id qr code,Supplemental,transactional,IN+GLOBAL,feature,pet_id_profile,pet id tag qr code,/pet-id-profile,keep_secondary,pet identity hub family,Supplemental utility keyword from market-language review.,,,,
qr code pet tag,Supplemental,transactional,IN+GLOBAL,feature,pet_id_profile,pet id tag qr code,/pet-id-profile,keep_secondary,pet identity hub family,Supplemental utility keyword from market-language review.,,,,
lost pet qr tag,Supplemental,transactional,IN+GLOBAL,feature,pet_id_profile,pet id tag qr code,/pet-id-profile,keep_secondary,pet identity hub family,Supplemental utility keyword from market-language review.,,,,
dog qr tag,Supplemental,transactional,IN+GLOBAL,feature,pet_id_profile,pet id tag qr code,/pet-id-profile,keep_secondary,pet identity hub family,Supplemental utility keyword from market-language review.,,,,
cat qr tag,Supplemental,transactional,IN+GLOBAL,feature,pet_id_profile,pet id tag qr code,/pet-id-profile,keep_secondary,pet identity hub family,Supplemental utility keyword from market-language review.,,,,
car qr code sticker,Supplemental,transactional,IN+GLOBAL,feature,vehicle_qr_code_sticker,vehicle qr code sticker,/vehicle-qr-code-sticker,keep_secondary,vehicle utility family,Supplemental utility keyword from market-language review.,,,,
vehicle owner contact qr,Supplemental,transactional,IN+GLOBAL,feature,vehicle_qr_code_sticker,vehicle qr code sticker,/vehicle-qr-code-sticker,keep_secondary,vehicle utility family,Supplemental utility keyword from market-language review.,,,,
car owner contact qr code,Supplemental,transactional,IN+GLOBAL,feature,vehicle_qr_code_sticker,vehicle qr code sticker,/vehicle-qr-code-sticker,keep_secondary,vehicle utility family,Supplemental utility keyword from market-language review.,,,,
parking contact qr code,Supplemental,transactional,IN+GLOBAL,feature,vehicle_qr_code_sticker,vehicle qr code sticker,/vehicle-qr-code-sticker,keep_secondary,vehicle utility family,Supplemental utility keyword from market-language review.,,,,
wrong parking qr sticker,Supplemental,transactional,IN+GLOBAL,feature,vehicle_qr_code_sticker,vehicle qr code sticker,/vehicle-qr-code-sticker,keep_secondary,vehicle utility family,Supplemental utility keyword from market-language review.,,,,
emergency contact car sticker,Supplemental,transactional,IN+GLOBAL,none,vehicle_qr_code_sticker,vehicle qr code sticker,/vehicle-qr-code-sticker,keep_secondary,vehicle utility family,Supplemental utility keyword from market-language review.,,,,
luggage qr tag,Supplemental,transactional,IN+GLOBAL,feature,qr_luggage_tag,qr luggage tag,/qr-luggage-tag,keep_secondary,travel utility family,Supplemental utility keyword from market-language review.,,,,
lost luggage qr tag,Supplemental,transactional,IN+GLOBAL,feature,qr_luggage_tag,qr luggage tag,/qr-luggage-tag,keep_secondary,travel utility family,Supplemental utility keyword from market-language review.,,,,
bag qr tag,Supplemental,transactional,IN+GLOBAL,feature,qr_luggage_tag,qr luggage tag,/qr-luggage-tag,keep_secondary,travel utility family,Supplemental utility keyword from market-language review.,,,,
suitcase qr tag,Supplemental,transactional,IN+GLOBAL,feature,qr_luggage_tag,qr luggage tag,/qr-luggage-tag,keep_secondary,travel utility family,Supplemental utility keyword from market-language review.,,,,
smart luggage tag,Supplemental,transactional,IN+GLOBAL,none,qr_luggage_tag,qr luggage tag,/qr-luggage-tag,keep_secondary,travel utility family,Supplemental utility keyword from market-language review.,,,,
travel bag qr tag,Supplemental,transactional,IN+GLOBAL,feature,qr_luggage_tag,qr luggage tag,/qr-luggage-tag,keep_secondary,travel utility family,Supplemental utility keyword from market-language review.,,,,
airport luggage qr tag,Supplemental,transactional,IN+GLOBAL,feature,qr_luggage_tag,qr luggage tag,/qr-luggage-tag,keep_secondary,travel utility family,Supplemental utility keyword from market-language review.,,,,
identity management system,Platform,commercial,IN+GLOBAL,none,smart_identity_platform,smart identity platform,/,keep_secondary,platform family consolidation,source_sheet=Identity Platform; suggested_page=/digital-identity; priority_hint=primary; volume_hint=high,,,,
identity verification platform,Platform,commercial,IN+GLOBAL,none,smart_identity_platform,smart identity platform,/,keep_secondary,platform family consolidation,source_sheet=Identity Platform; suggested_page=/identity-verification; priority_hint=primary; volume_hint=medium,,,,
identity authentication system,Platform,commercial,IN+GLOBAL,none,smart_identity_platform,smart identity platform,/,keep_secondary,platform family consolidation,source_sheet=Identity Platform; suggested_page=/digital-identity; priority_hint=primary; volume_hint=low,,,,
identity access management system,Platform,commercial,IN+GLOBAL,none,smart_identity_platform,smart identity platform,/,keep_secondary,platform family consolidation,source_sheet=Identity Platform; suggested_page=/digital-identity; priority_hint=secondary; volume_hint=low,,,,
identity management use cases,Platform,commercial,IN+GLOBAL,none,smart_identity_platform,smart identity platform,/,keep_secondary,platform family consolidation,source_sheet=Identity Platform; suggested_page=/digital-identity; priority_hint=secondary; volume_hint=high,,,,
secure identity sharing platform,Platform,commercial,IN+GLOBAL,none,smart_identity_platform,smart identity platform,/,keep_secondary,platform family consolidation,source_sheet=Identity Platform; suggested_page=/identity-platform; priority_hint=secondary; volume_hint=low,,,,
identity management tools for startups,Platform,commercial,IN+GLOBAL,none,smart_identity_platform,smart identity platform,/,keep_secondary,platform family consolidation,source_sheet=Identity Platform; suggested_page=/digital-identity; priority_hint=secondary; volume_hint=high,,,,
digital identity platform for vehicles,Platform,commercial,IN+GLOBAL,none,smart_identity_platform,smart identity platform,/,keep_secondary,platform family consolidation,source_sheet=Identity Platform; suggested_page=/identity-platform; priority_hint=secondary; volume_hint=low,,,,
qr code based identity system,Platform,commercial,IN+GLOBAL,feature,smart_identity_platform,smart identity platform,/,keep_secondary,platform family consolidation,source_sheet=Identity Platform; suggested_page=/digital-identity; priority_hint=secondary; volume_hint=medium,,,,
identity verification using qr code,Platform,commercial,IN+GLOBAL,feature,smart_identity_platform,smart identity platform,/,keep_secondary,platform family consolidation,source_sheet=Identity Platform; suggested_page=/identity-verification; priority_hint=secondary; volume_hint=high,,,,
digital identity for emergency contact,Platform,commercial,IN+GLOBAL,none,smart_identity_platform,smart identity platform,/,keep_secondary,platform family consolidation,source_sheet=Identity Platform; suggested_page=/digital-identity; priority_hint=secondary; volume_hint=medium,,,,
secure identity sharing with qr code,Platform,commercial,IN+GLOBAL,feature,smart_identity_platform,smart identity platform,/,keep_secondary,platform family consolidation,source_sheet=Identity Platform; suggested_page=/digital-identity; priority_hint=secondary; volume_hint=medium,,,,
identity platform for personal use,Platform,commercial,IN+GLOBAL,none,smart_identity_platform,smart identity platform,/,keep_secondary,platform family consolidation,source_sheet=Identity Platform; suggested_page=/identity-platform; priority_hint=secondary; volume_hint=low,,,,
identity system for small businesses,Platform,commercial,IN+GLOBAL,none,business_identity_management_platform,business identity management platform,/business-identity,keep_secondary,business identity platform variation,source_sheet=Identity Platform; suggested_page=/digital-identity; priority_hint=secondary; volume_hint=high,,,,
identity verification for freelancers,Platform,commercial,IN+GLOBAL,profession,smart_identity_platform,smart identity platform,/,keep_secondary,platform family consolidation,source_sheet=Identity Platform; suggested_page=/identity-verification; priority_hint=secondary; volume_hint=high,,,,
digital identity profile for professionals,Platform,commercial,IN+GLOBAL,none,business_identity_management_platform,business identity management platform,/business-identity,keep_secondary,business identity platform variation,source_sheet=Identity Platform; suggested_page=/digital-identity; priority_hint=secondary; volume_hint=low,,,,
vehicle digital identity system,Platform,commercial,IN+GLOBAL,none,smart_identity_platform,smart identity platform,/,keep_secondary,platform family consolidation,source_sheet=Identity Platform; suggested_page=/digital-identity; priority_hint=secondary; volume_hint=medium,,,,
car identity qr code,Platform,commercial,IN+GLOBAL,feature,smart_identity_platform,smart identity platform,/,keep_secondary,platform family consolidation,source_sheet=Identity Platform; suggested_page=/digital-identity; priority_hint=secondary; volume_hint=high,,,,
vehicle owner identity qr,Platform,commercial,IN+GLOBAL,feature,smart_identity_platform,smart identity platform,/,keep_secondary,platform family consolidation,source_sheet=Identity Platform; suggested_page=/digital-identity; priority_hint=secondary; volume_hint=low,,,,
tourist identity qr code,Platform,commercial,IN+GLOBAL,feature,smart_identity_platform,smart identity platform,/,keep_secondary,platform family consolidation,source_sheet=Identity Platform; suggested_page=/digital-identity; priority_hint=secondary; volume_hint=low,,,,
family emergency identity card,Platform,commercial,IN+GLOBAL,none,smart_identity_platform,smart identity platform,/,keep_secondary,platform family consolidation,source_sheet=Identity Platform; suggested_page=/digital-identity; priority_hint=secondary; volume_hint=high,,,,
child safety identity qr,Platform,commercial,IN+GLOBAL,feature,smart_identity_platform,smart identity platform,/,keep_secondary,platform family consolidation,source_sheet=Identity Platform; suggested_page=/digital-identity; priority_hint=secondary; volume_hint=low,,,,
personal digital identity profile,Platform,commercial,IN+GLOBAL,none,smart_identity_platform,smart identity platform,/,keep_secondary,platform family consolidation,source_sheet=Identity Platform; suggested_page=/digital-identity; priority_hint=secondary; volume_hint=low,,,,
how identity verification works,Platform,informational,IN+GLOBAL,none,smart_identity_platform,smart identity platform,/,keep_secondary,platform family consolidation,source_sheet=Identity Platform; suggested_page=/identity-verification; priority_hint=secondary; volume_hint=medium,,,,
how digital identity works,Platform,informational,IN+GLOBAL,none,smart_identity_platform,smart identity platform,/,keep_secondary,platform family consolidation,source_sheet=Identity Platform; suggested_page=/digital-identity; priority_hint=secondary; volume_hint=high,,,,
why identity management is important,Platform,informational,IN+GLOBAL,none,smart_identity_platform,smart identity platform,/,keep_secondary,platform family consolidation,source_sheet=Identity Platform; suggested_page=/digital-identity; priority_hint=secondary; volume_hint=low,,,,
what is identity management system,Platform,informational,IN+GLOBAL,none,smart_identity_platform,smart identity platform,/,keep_secondary,platform family consolidation,source_sheet=Identity Platform; suggested_page=/digital-identity; priority_hint=secondary; volume_hint=low,,,,
what is digital identity platform,Platform,informational,IN+GLOBAL,none,smart_identity_platform,smart identity platform,/,keep_secondary,platform family consolidation,source_sheet=Identity Platform; suggested_page=/identity-platform; priority_hint=secondary; volume_hint=medium,,,,
benefits of digital identity system,Platform,informational,IN+GLOBAL,none,smart_identity_platform,smart identity platform,/,keep_secondary,platform family consolidation,source_sheet=Identity Platform; suggested_page=/digital-identity; priority_hint=secondary; volume_hint=medium,,,,
types of identity verification methods,Platform,informational,IN+GLOBAL,none,smart_identity_platform,smart identity platform,/,keep_secondary,platform family consolidation,source_sheet=Identity Platform; suggested_page=/identity-verification; priority_hint=secondary; volume_hint=low,,,,
what is identity authentication,Platform,informational,IN+GLOBAL,none,smart_identity_platform,smart identity platform,/,keep_secondary,platform family consolidation,source_sheet=Identity Platform; suggested_page=/digital-identity; priority_hint=secondary; volume_hint=medium,,,,
how to create digital identity,Platform,navigational,IN+GLOBAL,none,smart_identity_platform,smart identity platform,/,keep_secondary,platform family consolidation,source_sheet=Identity Platform; suggested_page=/create-identity; priority_hint=secondary; volume_hint=high,,,,
identity verification app,Platform,navigational,IN+GLOBAL,none,smart_identity_platform,smart identity platform,/,keep_secondary,platform family consolidation,source_sheet=Identity Platform; suggested_page=/identity-verification; priority_hint=primary; volume_hint=medium,,,,
identity management platform login,Platform,navigational,IN+GLOBAL,none,smart_identity_platform,smart identity platform,/,keep_secondary,platform family consolidation,source_sheet=Identity Platform; suggested_page=/identity-platform; priority_hint=secondary; volume_hint=medium,,,,
digital identity app,Platform,navigational,IN+GLOBAL,none,smart_identity_platform,smart identity platform,/,keep_secondary,platform family consolidation,source_sheet=Identity Platform; suggested_page=/digital-identity; priority_hint=primary; volume_hint=low,,,,
identity qr code generator,Platform,navigational,IN+GLOBAL,feature,smart_identity_platform,smart identity platform,/,keep_secondary,platform family consolidation,source_sheet=Identity Platform; suggested_page=/create-identity; priority_hint=secondary; volume_hint=medium,,,,
identity qr code scanner,Platform,navigational,IN+GLOBAL,feature,smart_identity_platform,smart identity platform,/,keep_secondary,platform family consolidation,source_sheet=Identity Platform; suggested_page=/scan-identity; priority_hint=secondary; volume_hint=high,,,,
create digital identity online,Platform,navigational,IN+GLOBAL,online,smart_identity_platform,smart identity platform,/,keep_secondary,platform family consolidation,source_sheet=Identity Platform; suggested_page=/create-identity; priority_hint=secondary; volume_hint=high,,,,
identity management dashboard,Platform,navigational,IN+GLOBAL,none,smart_identity_platform,smart identity platform,/,keep_secondary,platform family consolidation,source_sheet=Identity Platform; suggested_page=/digital-identity; priority_hint=primary; volume_hint=medium,,,,
identity authentication app,Platform,navigational,IN+GLOBAL,none,smart_identity_platform,smart identity platform,/,keep_secondary,platform family consolidation,source_sheet=Identity Platform; suggested_page=/digital-identity; priority_hint=primary; volume_hint=high,,,,
best identity management platform,Platform,transactional,IN+GLOBAL,best,smart_identity_platform,smart identity platform,/,keep_secondary,platform family consolidation,source_sheet=Identity Platform; suggested_page=/identity-platform; priority_hint=secondary; volume_hint=low,,,,
buy identity verification system,Platform,transactional,IN+GLOBAL,buy,smart_identity_platform,smart identity platform,/,keep_secondary,platform family consolidation,source_sheet=Identity Platform; suggested_page=/identity-verification; priority_hint=secondary; volume_hint=high,,,,
identity management solution for business,Platform,transactional,IN+GLOBAL,none,business_identity_management_platform,business identity management platform,/business-identity,keep_secondary,business identity platform variation,source_sheet=Identity Platform; suggested_page=/digital-identity; priority_hint=secondary; volume_hint=high,,,,
identity platform pricing,Platform,transactional,IN+GLOBAL,none,smart_identity_platform,smart identity platform,/,keep_secondary,platform family consolidation,source_sheet=Identity Platform; suggested_page=/identity-platform; priority_hint=primary; volume_hint=medium,,,,
enterprise identity management software,Platform,transactional,IN+GLOBAL,none,smart_identity_platform,smart identity platform,/,keep_secondary,platform family consolidation,source_sheet=Identity Platform; suggested_page=/digital-identity; priority_hint=secondary; volume_hint=low,,,,
identity verification service provider,Platform,transactional,IN+GLOBAL,none,smart_identity_platform,smart identity platform,/,keep_secondary,platform family consolidation,source_sheet=Identity Platform; suggested_page=/identity-verification; priority_hint=secondary; volume_hint=medium,,,,
digital identity solution,Platform,transactional,IN+GLOBAL,none,smart_identity_platform,smart identity platform,/,keep_secondary,platform family consolidation,source_sheet=Identity Platform; suggested_page=/digital-identity; priority_hint=primary; volume_hint=low,,,,
identity management software,Platform,transactional,IN+GLOBAL,none,smart_identity_platform,smart identity platform,/,keep_secondary,platform family consolidation,source_sheet=Identity Platform; suggested_page=/digital-identity; priority_hint=primary; volume_hint=low,,,,
identity verification software,Platform,transactional,IN+GLOBAL,none,smart_identity_platform,smart identity platform,/,keep_secondary,platform family consolidation,source_sheet=Identity Platform; suggested_page=/identity-verification; priority_hint=primary; volume_hint=medium,,,,
digital identity solution for companies,Platform,transactional,IN+GLOBAL,none,smart_identity_platform,smart identity platform,/,keep_secondary,platform family consolidation,source_sheet=Identity Platform; suggested_page=/digital-identity; priority_hint=secondary; volume_hint=medium,,,,
travel qr code,Use Case,transactional,IN+GLOBAL,feature,travel_profile,travel qr code,/travel-profile,keep_primary,travel profile utility family,source_sheet=Travel Tags; suggested_page=/travel-qr-code; priority_hint=primary; volume_hint=low,,,,
travel digital card,Use Case,transactional,IN+GLOBAL,none,travel_profile,travel qr code,/travel-profile,keep_secondary,travel profile utility family,source_sheet=Travel Tags; suggested_page=/digital-travel-card; priority_hint=primary; volume_hint=low,,,,
tourist qr code,Use Case,transactional,IN+GLOBAL,feature,travel_profile,travel qr code,/travel-profile,keep_secondary,travel profile utility family,source_sheet=Travel Tags; suggested_page=/travel-qr-tag; priority_hint=primary; volume_hint=low,,,,
travel contact qr code,Use Case,transactional,IN+GLOBAL,feature,travel_profile,travel qr code,/travel-profile,keep_secondary,travel profile utility family,source_sheet=Travel Tags; suggested_page=/travel-qr-code; priority_hint=secondary; volume_hint=low,,,,
travel identity card,Use Case,transactional,IN+GLOBAL,none,travel_profile,travel qr code,/travel-profile,keep_secondary,travel profile utility family,source_sheet=Travel Tags; suggested_page=/digital-travel-card; priority_hint=primary; volume_hint=low,,,,
digital travel profile,Use Case,transactional,IN+GLOBAL,none,travel_profile,travel qr code,/travel-profile,keep_secondary,travel profile utility family,source_sheet=Travel Tags; suggested_page=/digital-travel-profile; priority_hint=primary; volume_hint=low,,,,
travel safety qr,Use Case,transactional,IN+GLOBAL,feature,travel_profile,travel qr code,/travel-profile,keep_secondary,travel profile utility family,source_sheet=Travel Tags; suggested_page=/travel-qr-code; priority_hint=primary; volume_hint=low,,,,
ai assist reviews,AI,transactional,IN+GLOBAL,none,ai_review_assist,ai review management,/ai-review-assist,keep_secondary,ai review assist family,source_sheet=AI Assist; suggested_page=/landing; priority_hint=primary; volume_hint=high,,,,
ai review management,AI,transactional,IN+GLOBAL,feature,ai_review_assist,ai review management,/ai-review-assist,keep_primary,ai review assist family,source_sheet=AI Assist; suggested_page=/landing; priority_hint=primary; volume_hint=high,,,,
ai reviews for business,AI,transactional,IN+GLOBAL,feature,ai_review_assist,ai review management,/ai-review-assist,keep_secondary,ai review assist family,source_sheet=AI Assist; suggested_page=/landing; priority_hint=secondary; volume_hint=high,,,,
ai review qr,AI,transactional,IN+GLOBAL,feature,ai_review_assist,ai review management,/ai-review-assist,keep_secondary,ai review assist family,source_sheet=AI Assist; suggested_page=/landing; priority_hint=primary; volume_hint=high,,,,
ai review system,AI,transactional,IN+GLOBAL,feature,ai_review_assist,ai review management,/ai-review-assist,keep_secondary,ai review assist family,source_sheet=AI Assist; suggested_page=/landing; priority_hint=primary; volume_hint=high,,,,
ai reviews app,AI,transactional,IN+GLOBAL,feature,ai_review_assist,ai review management,/ai-review-assist,keep_secondary,ai review assist family,source_sheet=AI Assist; suggested_page=/landing; priority_hint=primary; volume_hint=high,,,,
ai review online,AI,navigational,IN+GLOBAL,online,ai_review_assist,ai review management,/ai-review-assist,keep_secondary,ai review assist family,source_sheet=AI Assist; suggested_page=/landing; priority_hint=primary; volume_hint=high,,,,
Google reviews,Business,commercial,IN+GLOBAL,none,google_review_management,google review management,/google-review-management,keep_secondary,google review management family,source_sheet=Google reviews; suggested_page=/google-reviews; priority_hint=primary; volume_hint=high,,,,
Google review system,Business,commercial,IN+GLOBAL,none,google_review_management,google review management,/google-review-management,keep_secondary,google review management family,source_sheet=Google reviews; suggested_page=/google-review-system; priority_hint=primary; volume_hint=high,,,,
Google review marketing strategy,Business,commercial,IN+GLOBAL,none,google_review_management,google review management,/google-review-management,keep_secondary,google review management family,source_sheet=Google reviews; suggested_page=/review-marketing; priority_hint=secondary; volume_hint=high,,,,
online reputation management Google reviews,Business,informational,IN+GLOBAL,online,google_review_management,google review management,/google-review-management,keep_secondary,google review management family,source_sheet=Google reviews; suggested_page=/reputation-management; priority_hint=secondary; volume_hint=high,,,,
Google review strategy 2026,Business,commercial,IN+GLOBAL,none,google_review_management,google review management,/google-review-management,keep_secondary,google review management family,source_sheet=Google reviews; suggested_page=/review-strategy; priority_hint=secondary; volume_hint=high,,,,
Google review management,Business,commercial,IN+GLOBAL,none,google_review_management,google review management,/google-review-management,keep_primary,google review management family,source_sheet=Google reviews; suggested_page=/google-review-management; priority_hint=primary; volume_hint=high,,,,
Google business reviews,Business,commercial,IN+GLOBAL,none,google_review_management,google review management,/google-review-management,keep_secondary,google review management family,source_sheet=Google reviews; suggested_page=/google-business-reviews; priority_hint=primary; volume_hint=high,,,,
what are Google reviews,Business,informational,IN+GLOBAL,none,google_review_management,google review management,/google-review-management,keep_secondary,google review management family,source_sheet=Google reviews; suggested_page=/what-are-google-reviews; priority_hint=secondary; volume_hint=high,,,,
how Google reviews work,Business,informational,IN+GLOBAL,none,google_review_management,google review management,/google-review-management,keep_secondary,google review management family,source_sheet=Google reviews; suggested_page=/how-google-reviews-work; priority_hint=secondary; volume_hint=high,,,,
increase Google reviews quickly,Business,informational,IN+GLOBAL,none,google_review_management,google review management,/google-review-management,keep_secondary,google review management family,source_sheet=Google reviews; suggested_page=/increase-google-reviews; priority_hint=secondary; volume_hint=high,,,,
how to generate Google review link for customers,Business,informational,IN+GLOBAL,none,google_review_management,google review management,/google-review-management,keep_secondary,google review management family,source_sheet=Google reviews; suggested_page=/generate-review-link; priority_hint=secondary; volume_hint=high,,,,
how to write a Google review,Business,informational,IN+GLOBAL,none,google_review_management,google review management,/google-review-management,keep_secondary,google review management family,source_sheet=Google reviews; suggested_page=/write-google-review; priority_hint=secondary; volume_hint=high,,,,
how to get more Google reviews,Business,informational,IN+GLOBAL,none,google_review_management,google review management,/google-review-management,keep_secondary,google review management family,source_sheet=Google reviews; suggested_page=/get-more-google-reviews; priority_hint=secondary; volume_hint=high,,,,
Google reviews for local SEO,Business,informational,IN+GLOBAL,none,google_review_management,google review management,/google-review-management,keep_secondary,google review management family,source_sheet=Google reviews; suggested_page=/local-seo-reviews; priority_hint=secondary; volume_hint=high,,,,
importance of Google reviews for ranking,Business,informational,IN+GLOBAL,none,google_review_management,google review management,/google-review-management,keep_secondary,google review management family,source_sheet=Google reviews; suggested_page=/google-reviews-seo; priority_hint=secondary; volume_hint=high,,,,
increase Google reviews for business,Business,informational,IN+GLOBAL,none,google_review_management,google review management,/google-review-management,keep_secondary,google review management family,source_sheet=Google reviews; suggested_page=/increase-google-reviews; priority_hint=secondary; volume_hint=high,,,,
benefits of Google reviews,Business,informational,IN+GLOBAL,none,google_review_management,google review management,/google-review-management,keep_secondary,google review management family,source_sheet=Google reviews; suggested_page=/google-review-benefits; priority_hint=secondary; volume_hint=high,,,,
Google review request message,Business,informational,IN+GLOBAL,none,google_review_management,google review management,/google-review-management,keep_secondary,google review management family,source_sheet=Google reviews; suggested_page=/request-google-reviews; priority_hint=secondary; volume_hint=high,,,,
how to ask for Google reviews,Business,informational,IN+GLOBAL,none,google_review_management,google review management,/google-review-management,keep_secondary,google review management family,source_sheet=Google reviews; suggested_page=/ask-google-reviews; priority_hint=secondary; volume_hint=high,,,,
Google review template,Business,informational,IN+GLOBAL,none,google_review_management,google review management,/google-review-management,keep_secondary,google review management family,source_sheet=Google reviews; suggested_page=/review-template; priority_hint=primary; volume_hint=high,,,,
Google review examples for business,Business,informational,IN+GLOBAL,none,google_review_management,google review management,/google-review-management,keep_secondary,google review management family,source_sheet=Google reviews; suggested_page=/review-examples; priority_hint=secondary; volume_hint=high,,,,
Google review reply examples,Business,informational,IN+GLOBAL,none,google_review_management,google review management,/google-review-management,keep_secondary,google review management family,source_sheet=Google reviews; suggested_page=/review-reply-examples; priority_hint=secondary; volume_hint=high,,,,
respond to Google reviews,Business,informational,IN+GLOBAL,none,google_review_management,google review management,/google-review-management,keep_secondary,google review management family,source_sheet=Google reviews; suggested_page=/respond-google-reviews; priority_hint=secondary; volume_hint=high,,,,
Google review QR code,Business,navigational,IN+GLOBAL,feature,google_review_management,google review management,/google-review-management,keep_secondary,google review management family,source_sheet=Google reviews; suggested_page=/google-review-qr; priority_hint=secondary; volume_hint=high,,,,
Google review link generator,Business,navigational,IN+GLOBAL,none,google_review_management,google review management,/google-review-management,keep_secondary,google review management family,source_sheet=Google reviews; suggested_page=/generate-review-link; priority_hint=secondary; volume_hint=high,,,,
create Google review link,Business,navigational,IN+GLOBAL,none,google_review_management,google review management,/google-review-management,keep_secondary,google review management family,source_sheet=Google reviews; suggested_page=/generate-review-link; priority_hint=secondary; volume_hint=high,,,,
Google review widget for website,Business,navigational,IN+GLOBAL,none,google_review_management,google review management,/google-review-management,keep_secondary,google review management family,source_sheet=Google reviews; suggested_page=/review-widget; priority_hint=secondary; volume_hint=high,,,,
embed Google reviews on website,Business,navigational,IN+GLOBAL,none,google_review_management,google review management,/google-review-management,keep_secondary,google review management family,source_sheet=Google reviews; suggested_page=/embed-google-reviews; priority_hint=secondary; volume_hint=high,,,,
Google review API integration,Business,navigational,IN+GLOBAL,none,google_review_management,google review management,/google-review-management,keep_secondary,google review management family,source_sheet=Google reviews; suggested_page=/review-api; priority_hint=secondary; volume_hint=high,,,,
Google review tracking tool,Business,navigational,IN+GLOBAL,none,google_review_management,google review management,/google-review-management,keep_secondary,google review management family,source_sheet=Google reviews; suggested_page=/review-tracking; priority_hint=secondary; volume_hint=high,,,,
Google review QR code for business,Business,navigational,IN+GLOBAL,feature,google_review_management,google review management,/google-review-management,keep_secondary,google review management family,source_sheet=Google reviews; suggested_page=/google-review-qr; priority_hint=secondary; volume_hint=high,,,,
Google review QR code generator free,Business,navigational,IN+GLOBAL,feature,google_review_management,google review management,/google-review-management,keep_secondary,google review management family,source_sheet=Google reviews; suggested_page=/google-review-qr; priority_hint=secondary; volume_hint=high,,,,
Google review link shortener,Business,navigational,IN+GLOBAL,none,google_review_management,google review management,/google-review-management,keep_secondary,google review management family,source_sheet=Google reviews; suggested_page=/generate-review-link; priority_hint=secondary; volume_hint=high,,,,
Google review tool online,Business,navigational,IN+GLOBAL,online,google_review_management,google review management,/google-review-management,keep_secondary,google review management family,source_sheet=Google reviews; suggested_page=/google-review-tool; priority_hint=secondary; volume_hint=high,,,,
best Google review tool,Business,transactional,IN+GLOBAL,best,google_review_management,google review management,/google-review-management,keep_secondary,google review management family,source_sheet=Google reviews; suggested_page=/best-google-review-tool; priority_hint=secondary; volume_hint=high,,,,
Google review software,Business,transactional,IN+GLOBAL,none,google_review_management,google review management,/google-review-management,keep_secondary,google review management family,source_sheet=Google reviews; suggested_page=/google-review-software; priority_hint=primary; volume_hint=high,,,,
Google review automation tool,Business,transactional,IN+GLOBAL,none,google_review_management,google review management,/google-review-management,keep_secondary,google review management family,source_sheet=Google reviews; suggested_page=/review-automation; priority_hint=secondary; volume_hint=high,,,,
buy Google review tool,Business,transactional,IN+GLOBAL,buy,google_review_management,google review management,/google-review-management,keep_secondary,google review management family,source_sheet=Google reviews; suggested_page=/pricing; priority_hint=secondary; volume_hint=high,,,,
best review management platforms,Business,transactional,IN+GLOBAL,best,google_review_management,google review management,/google-review-management,keep_secondary,google review management family,source_sheet=Google reviews; suggested_page=/review-tools-comparison; priority_hint=secondary; volume_hint=high,,,,
Google review management tool for small business,Business,transactional,IN+GLOBAL,none,google_review_management,google review management,/google-review-management,keep_secondary,google review management family,source_sheet=Google reviews; suggested_page=/google-review-software; priority_hint=secondary; volume_hint=high,,,,
Google review automation for restaurants,Business,transactional,IN+GLOBAL,none,google_review_management,google review management,/google-review-management,keep_secondary,google review management family,source_sheet=Google reviews; suggested_page=/review-automation; priority_hint=secondary; volume_hint=high,,,,
best Google review software for agencies,Business,transactional,IN+GLOBAL,best,google_review_management,google review management,/google-review-management,keep_secondary,google review management family,source_sheet=Google reviews; suggested_page=/review-software-agency; priority_hint=secondary; volume_hint=high,,,,
pet safety qr,Use Case,transactional,IN+GLOBAL,feature,pet_id_profile,pet id tag qr code,/pet-id-profile,keep_secondary,pet identity hub family,source_sheet=Pet; suggested_page=/landing; priority_hint=primary; volume_hint=medium,,,,
pets qr code,Use Case,transactional,IN+GLOBAL,feature,pet_id_profile,pet id tag qr code,/pet-id-profile,keep_secondary,pet identity hub family,source_sheet=Pet; suggested_page=/landing; priority_hint=primary; volume_hint=medium,,,,
pet safety tag,Use Case,transactional,IN+GLOBAL,none,pet_id_profile,pet id tag qr code,/pet-id-profile,keep_secondary,pet identity hub family,source_sheet=Pet; suggested_page=/product; priority_hint=primary; volume_hint=low,,,,
kids safety name tags,Use Case,transactional,IN+GLOBAL,none,family_safety_profile,family safety profile,/family-safety-profile,keep_secondary,family safety hub family,source_sheet=Family&Child; suggested_page=/product; priority_hint=secondary; volume_hint=low,,,,
family safety app apk,Use Case,transactional,IN+GLOBAL,none,family_safety_profile,family safety profile,/family-safety-profile,keep_secondary,family safety hub family,source_sheet=Family&Child; suggested_page=/landing; priority_hint=secondary; volume_hint=medium,,,,
safety tags for children,Use Case,transactional,IN+GLOBAL,none,family_safety_profile,family safety profile,/family-safety-profile,keep_secondary,family safety hub family,source_sheet=Family&Child; suggested_page=/product; priority_hint=secondary; volume_hint=low,,,,
family safety app kya hai,Use Case,transactional,IN+GLOBAL,none,family_safety_profile,family safety profile,/family-safety-profile,keep_secondary,family safety hub family,source_sheet=Family&Child; suggested_page=/landing; priority_hint=secondary; volume_hint=high,,,,
family safety tags,Use Case,transactional,IN+GLOBAL,none,family_safety_profile,family safety profile,/family-safety-profile,keep_secondary,family safety hub family,source_sheet=Family&Child; suggested_page=/product; priority_hint=primary; volume_hint=low,,,,
children safety tags,Use Case,transactional,IN+GLOBAL,none,family_safety_profile,family safety profile,/family-safety-profile,keep_secondary,family safety hub family,source_sheet=Family&Child; suggested_page=/product; priority_hint=primary; volume_hint=low,,,,
school bag safety tags,Use Case,transactional,IN+GLOBAL,none,family_safety_profile,family safety profile,/family-safety-profile,keep_secondary,family safety hub family,source_sheet=Family&Child; suggested_page=/product; priority_hint=secondary; volume_hint=low,,,,
child safety tags,Use Case,transactional,IN+GLOBAL,none,family_safety_profile,family safety profile,/family-safety-profile,keep_secondary,family safety hub family,source_sheet=Family&Child; suggested_page=/product; priority_hint=primary; volume_hint=low,,,,
child safe tag,Use Case,transactional,IN+GLOBAL,none,family_safety_profile,family safety profile,/family-safety-profile,keep_secondary,family safety hub family,source_sheet=Family&Child; suggested_page=/product; priority_hint=primary; volume_hint=low,,,,
family safety tool,Use Case,navigational,IN+GLOBAL,none,family_safety_profile,family safety profile,/family-safety-profile,keep_secondary,family safety hub family,source_sheet=Family&Child; suggested_page=/landing; priority_hint=primary; volume_hint=medium,,,,
vehicle qr code,Use Case,transactional,IN+GLOBAL,feature,vehicle_profile,vehicle qr code,/vehicle-profile,keep_primary,vehicle profile utility family,source_sheet=Vehicle; suggested_page=/landing; priority_hint=primary; volume_hint=medium,,,,
rc qr code,Use Case,transactional,IN+GLOBAL,feature,vehicle_profile,vehicle qr code,/vehicle-profile,keep_secondary,vehicle profile utility family,source_sheet=Vehicle; suggested_page=/landing; priority_hint=primary; volume_hint=medium,,,,
vehicle verification qr code,Use Case,transactional,IN+GLOBAL,feature,vehicle_profile,vehicle qr code,/vehicle-profile,keep_secondary,vehicle profile utility family,source_sheet=Vehicle; suggested_page=/landing; priority_hint=secondary; volume_hint=medium,,,,
qr code for vehicle registration,Use Case,transactional,IN+GLOBAL,feature,vehicle_profile,vehicle qr code,/vehicle-profile,keep_secondary,vehicle profile utility family,source_sheet=Vehicle; suggested_page=/landing; priority_hint=secondary; volume_hint=medium,,,,
vehicle details qr code,Use Case,transactional,IN+GLOBAL,feature,vehicle_profile,vehicle qr code,/vehicle-profile,keep_secondary,vehicle profile utility family,source_sheet=Vehicle; suggested_page=/landing; priority_hint=secondary; volume_hint=high,,,,
car qr code,Use Case,transactional,IN+GLOBAL,feature,vehicle_profile,vehicle qr code,/vehicle-profile,keep_secondary,vehicle profile utility family,source_sheet=Vehicle; suggested_page=/landing; priority_hint=primary; volume_hint=medium,,,,
automotive qr code,Use Case,transactional,IN+GLOBAL,feature,vehicle_profile,vehicle qr code,/vehicle-profile,keep_secondary,vehicle profile utility family,source_sheet=Vehicle; suggested_page=/landing; priority_hint=primary; volume_hint=medium,,,,
metal business card india,Product,transactional,IN,none,metal_business_card,metal business card india,/products/metal-business-cards,keep_primary,,primary product keyword for metal cards,,,,
NFC metal card,Product,transactional,IN,technology,metal_business_card,metal business card india,/products/metal-business-cards,keep_secondary,metal card family,,,,,
metal NFC business card,Product,transactional,IN,technology,metal_business_card,metal business card india,/products/metal-business-cards,keep_secondary,metal card family,,,,,
premium business card NFC,Product,transactional,IN,quality,metal_business_card,metal business card india,/products/metal-business-cards,keep_secondary,metal card family,,,,,
NFC business standee,Product,transactional,IN,none,business_standee,NFC business standee,/products/business-standees,keep_primary,,primary product keyword for standees,,,,
business standee QR code,Product,transactional,IN,technology,business_standee,NFC business standee,/products/business-standees,keep_secondary,standee family,,,,,
PVC business card NFC,Product,transactional,IN,none,pvc_business_card,PVC business card NFC,/products/pvc-business-cards,keep_primary,,primary product keyword for PVC cards,,,,
white PVC business card,Product,transactional,IN,color,pvc_business_card,PVC business card NFC,/products/pvc-business-cards,keep_secondary,PVC card family,,,,,
black PVC card NFC,Product,transactional,IN,color,pvc_business_card,PVC business card NFC,/products/pvc-business-cards,keep_secondary,PVC card family,,,,,
NFC keychain,Product,transactional,IN,none,nfc_keychain,NFC keychain,/products/keychains,keep_primary,,primary product keyword for keychains,,,,
NFC keychain india,Product,transactional,IN,geo,nfc_keychain,NFC keychain,/products/keychains,keep_secondary,keychain family,,,,,
pet collar tag QR code,Product,transactional,IN,none,pet_collar_tag,pet collar tag QR code,/products/pet-collar-tags,keep_primary,,primary product keyword for pet tags,,,,
smart pet tag india,Product,transactional,IN,quality,pet_collar_tag,pet collar tag QR code,/products/pet-collar-tags,keep_secondary,pet tag family,,,,,
dog tag QR code,Product,transactional,IN,animal,pet_collar_tag,pet collar tag QR code,/products/pet-collar-tags,keep_secondary,pet tag family,,,,,
google review card NFC,Product,transactional,IN,none,review_card,google review card NFC,/products/review-cards,keep_primary,,primary product keyword for review cards,,,,
tap to review card,Product,transactional,IN,action,review_card,google review card NFC,/products/review-cards,keep_secondary,review card family,,,,,
car QR code sticker india,Product,transactional,IN,none,car_sticker,car QR code sticker india,/products/car-stickers,keep_primary,,buying intent for vehicle QR stickers; /vehicle-qr-code-sticker owns solution intent,,,,
parking contact sticker,Product,transactional,IN,use_case,car_sticker,car QR code sticker india,/products/car-stickers,keep_secondary,car sticker family,,,,,
bike QR sticker,Product,transactional,IN,vehicle_type,car_sticker,car QR code sticker india,/products/car-stickers,keep_secondary,car sticker family,,,,,
smart luggage tag QR,Product,transactional,IN,none,luggage_tag,smart luggage tag QR,/products/luggage-tags,keep_primary,,buying intent for luggage tags; /qr-luggage-tag owns solution intent,,,,
custom luggage tag QR,Product,transactional,IN,customisation,luggage_tag,smart luggage tag QR,/products/luggage-tags,keep_secondary,luggage tag family,,,,,
family safety tag QR,Product,transactional,IN,none,family_safety_tag,family safety tag QR,/products/family-safety-tags,keep_primary,,buying intent for family safety tags; /emergency-qr-code owns solution intent,,,,
child safety tag QR,Product,transactional,IN,audience,family_safety_tag,family safety tag QR,/products/family-safety-tags,keep_secondary,family safety tag family,,,,,
emergency QR keychain,Product,transactional,IN,use_case,family_safety_tag,family safety tag QR,/products/family-safety-tags,keep_secondary,family safety tag family,,,,,
digital profile free,Product,transactional,IN+GLOBAL,none,digital_profile,digital profile free,/products/digital-profiles,keep_primary,,discovery intent for digital profiles; future /pricing owns plan comparison,,,,
free digital business profile,Product,transactional,IN+GLOBAL,plan,digital_profile,digital profile free,/products/digital-profiles,keep_secondary,digital profile family,,,,,
create digital profile free,Product,transactional,IN+GLOBAL,action,digital_profile,digital profile free,/products/digital-profiles,keep_secondary,digital profile family,,,,,
digital business card for ca india,Business,transactional,IN,profession,digital_business_card_for_ca,digital business card for ca india,/digital-business-card-for-ca,keep_primary,new keyword research 2026,profession=chartered_accountant,,,,
nfc business card for ca india,Business,transactional,IN,profession,digital_business_card_for_ca,digital business card for ca india,/digital-business-card-for-ca,keep_secondary,profession family,,,,,
digital business card for lawyers india,Business,transactional,IN,profession,digital_business_card_for_lawyers,digital business card for lawyers india,/digital-business-card-for-lawyers,keep_primary,new keyword research 2026,profession=lawyer,,,,
nfc business card for lawyers india,Business,transactional,IN,profession,digital_business_card_for_lawyers,digital business card for lawyers india,/digital-business-card-for-lawyers,keep_secondary,profession family,,,,,
digital business card for teams india,Business,transactional,IN+GLOBAL,use_case,digital_business_card_for_teams,digital business card for teams india,/digital-business-card-for-teams,keep_primary,new keyword research 2026,team/corporate use case,,,,
nfc business card for corporate india,Business,transactional,IN,use_case,digital_business_card_for_teams,digital business card for teams india,/digital-business-card-for-teams,keep_secondary,teams family,,,,,
corporate digital business card india,Business,commercial,IN,use_case,digital_business_card_for_teams,digital business card for teams india,/digital-business-card-for-teams,keep_secondary,teams family,,,,,
employee digital business card india,Business,commercial,IN,use_case,digital_business_card_for_teams,digital business card for teams india,/digital-business-card-for-teams,keep_secondary,teams family,,,,,
digital business card bulk order india,Business,transactional,IN,use_case,digital_business_card_for_teams,digital business card for teams india,/digital-business-card-for-teams,keep_secondary,teams family,,,,,
digital business card for architects india,Business,transactional,IN,profession,digital_business_card_for_architects,digital business card for architects india,/digital-business-card-for-architects,keep_primary,new keyword research 2026,profession=architect,,,,
digital business card for consultants india,Business,transactional,IN,profession,digital_business_card_for_consultants,digital business card for consultants india,/digital-business-card-for-consultants,keep_primary,new keyword research 2026,profession=consultant,,,,
digital business card for coaches india,Business,transactional,IN,profession,digital_business_card_for_coaches,digital business card for coaches india,/digital-business-card-for-coaches,keep_primary,new keyword research 2026,profession=coach,,,,
dot card alternative india,Business,comparison,IN+GLOBAL,comparison,dot_card_alternative,dot card alternative india,/dot-card-alternative-india,keep_primary,new keyword research 2026,competitor=Dot Card,,,,
profiletap vs dot card,Business,comparison,IN+GLOBAL,comparison,dot_card_alternative,dot card alternative india,/profiletap-vs-dot-card,keep_primary,new keyword research 2026,VS page,,,,
v1ce alternative india,Business,comparison,IN,comparison,v1ce_alternative,v1ce alternative india,/v1ce-alternative-india,keep_primary,new keyword research 2026,competitor=V1CE; UK brand no India presence,,,,
profiletap vs v1ce,Business,comparison,IN+GLOBAL,comparison,v1ce_alternative,v1ce alternative india,/profiletap-vs-v1ce,keep_primary,new keyword research 2026,VS page,,,,
mobilo alternative india,Business,comparison,IN+GLOBAL,comparison,mobilo_alternative,mobilo alternative india,/mobilo-alternative-india,keep_primary,new keyword research 2026,competitor=Mobilo; enterprise teams,,,,
profiletap vs mobilo,Business,comparison,IN+GLOBAL,comparison,mobilo_alternative,mobilo alternative india,/profiletap-vs-mobilo,keep_primary,new keyword research 2026,VS page,,,,
uniqode alternative india,Business,comparison,IN+GLOBAL,comparison,uniqode_alternative,uniqode alternative india,/uniqode-alternative-india,keep_primary,new keyword research 2026,competitor=Uniqode,,,,
karetap alternative,Business,comparison,IN,comparison,karetap_alternative,karetap alternative,/karetap-alternative,keep_primary,new keyword research 2026,competitor=Karetap India,,,,
digital business card mumbai,Business,transactional,IN,geo,digital_business_card_mumbai,digital business card mumbai,/digital-business-card-mumbai,keep_primary,new keyword research 2026,city=Mumbai; programmatic,,,,
nfc business card mumbai,Business,transactional,IN,geo,digital_business_card_mumbai,digital business card mumbai,/digital-business-card-mumbai,keep_secondary,city family,,,,,
digital visiting card mumbai,Business,transactional,IN,geo,digital_business_card_mumbai,digital business card mumbai,/digital-business-card-mumbai,keep_secondary,city family; visiting card variant,,,,,
digital business card delhi,Business,transactional,IN,geo,digital_business_card_delhi,digital business card delhi,/digital-business-card-delhi,keep_primary,new keyword research 2026,city=Delhi,,,,
digital visiting card delhi,Business,transactional,IN,geo,digital_business_card_delhi,digital business card delhi,/digital-business-card-delhi,keep_secondary,city family,,,,,
digital business card bangalore,Business,transactional,IN,geo,digital_business_card_bangalore,digital business card bangalore,/digital-business-card-bangalore,keep_primary,new keyword research 2026,city=Bangalore,,,,
nfc business card bangalore,Business,transactional,IN,geo,digital_business_card_bangalore,digital business card bangalore,/digital-business-card-bangalore,keep_secondary,city family,,,,,
digital business card chennai,Business,transactional,IN,geo,digital_business_card_chennai,digital business card chennai,/digital-business-card-chennai,keep_primary,new keyword research 2026,city=Chennai,,,,
digital business card hyderabad,Business,transactional,IN,geo,digital_business_card_hyderabad,digital business card hyderabad,/digital-business-card-hyderabad,keep_primary,new keyword research 2026,city=Hyderabad,,,,
digital business card pune,Business,transactional,IN,geo,digital_business_card_pune,digital business card pune,/digital-business-card-pune,keep_primary,new keyword research 2026,city=Pune,,,,
digital business card ahmedabad,Business,transactional,IN,geo,digital_business_card_ahmedabad,digital business card ahmedabad,/digital-business-card-ahmedabad,keep_primary,new keyword research 2026,city=Ahmedabad,,,,
call masking app india,Business,commercial,IN,feature,call_masking_india,call masking app india,/business-identity,keep_secondary,feature family; map to business hub,,,,,
whatsapp number masking india,Business,commercial,IN,feature,whatsapp_masking_india,whatsapp number masking india,/business-identity,keep_secondary,feature family; map to business hub,,,,,
call masking for business india,Business,commercial,IN,feature,call_masking_india,call masking app india,/business-identity,keep_secondary,feature family,,,,,
digital business card with analytics india,Business,commercial,IN,feature,digital_business_card_india,digital business card india,/digital-business-card-india,keep_secondary,secondary for category page,,,,,
hide phone number on business card india,Business,informational,IN,feature,call_masking_india,call masking app india,/blog/what-is-call-masking-india,keep_primary,new blog keyword,informational entry to call masking feature,,,,
how to share digital business card on whatsapp india,Business,informational,IN,action,whatsapp_sharing_guide,how to share digital business card on whatsapp,/blog/how-to-share-digital-business-card-on-whatsapp,keep_primary,new blog keyword,India-specific WhatsApp sharing query,,,,
how to collect google reviews with nfc card,Business,informational,IN+GLOBAL,action,google_reviews_nfc,how to collect google reviews with nfc card,/blog/collect-google-reviews-nfc-card,keep_primary,new blog keyword,supports review-cards product,,,,
buy nfc business card india,Business,transactional,IN,buy,nfc_business_card_india,nfc business card india,/products/pvc-business-cards,keep_secondary,buying intent maps to product page,,,,,
nfc business card price india,Business,transactional,IN,buy,nfc_business_card_india,nfc business card india,/products/pvc-business-cards,keep_secondary,price intent maps to product page,,,,,
cheap nfc business card india,Business,transactional,IN,buy,nfc_business_card_india,nfc business card india,/products/pvc-business-cards,keep_secondary,budget segment,,,,,
nfc dog tag india,Pet,transactional,IN,technology,nfc_dog_tag,nfc dog tag india,/pet-id-profile,keep_primary,new keyword research 2026,tech variant of pet id tag,,,,
smart pet id tag india,Pet,transactional,IN,none,smart_pet_id_tag,smart pet id tag india,/pet-id-profile,keep_secondary,pet primary family,,,,,
qr code cat tag india,Pet,transactional,IN,animal,qr_cat_tag,qr code cat tag india,/pet-id-profile,keep_secondary,cat variant,,,,,
dog collar nfc tag india,Pet,transactional,IN,technology,nfc_dog_tag,nfc dog tag india,/pet-id-profile,keep_secondary,collar specific,,,,,
waterproof pet qr tag india,Pet,transactional,IN,quality,waterproof_pet_tag,waterproof pet qr tag india,/pet-id-profile,keep_secondary,product attribute,,,,,
captain india pet tag alternative,Pet,comparison,IN,comparison,captain_india_alternative,captain india alternative,/captain-india-alternative,keep_primary,new keyword research 2026,competitor=Captain India; primary India rival,,,,
qr pet tag vs gps tracker india,Pet,commercial,IN,comparison,pet_qr_vs_gps,qr pet tag vs gps tracker india,/blog/pet-microchip-vs-qr-tag-india,keep_primary,new blog keyword,comparison content opportunity,,,,
pet microchip vs qr tag india,Pet,informational,IN,comparison,pet_qr_vs_gps,qr pet tag vs gps tracker india,/blog/pet-microchip-vs-qr-tag-india,keep_secondary,blog family,,,,,
how to find lost dog in india,Pet,informational,IN,action,lost_dog_india,how to find lost dog in india,/blog/lost-pet-prevention-tips-qr,keep_secondary,TOFU blog support,,,,,
digital dog identity card india,Pet,informational,IN,none,digital_dog_id,digital dog identity card india,/blog/nfc-dog-tag-guide-india,keep_primary,new blog keyword,novel concept; low competition,,,,
pet id tag mumbai,Pet,transactional,IN,geo,pet_id_mumbai,pet id tag mumbai,/pet-id-profile,keep_secondary,city modifier; secondary to hub,,,,,
dog qr tag delhi,Pet,transactional,IN,geo,pet_id_delhi,dog qr tag delhi,/pet-id-profile,keep_secondary,city modifier,,,,,
smart pet tag bangalore,Pet,transactional,IN,geo,pet_id_bangalore,smart pet tag bangalore,/pet-id-profile,keep_secondary,city modifier,,,,,
child safety wristband india,FamilySafety,transactional,IN,none,child_safety_wristband,child safety wristband india,/family-safety-profile,keep_secondary,family primary family,,,,,
kids id bracelet india,FamilySafety,transactional,IN,none,child_safety_wristband,child safety wristband india,/family-safety-profile,keep_secondary,bracelet variant,,,,,
autism child safety tag india,FamilySafety,transactional,IN,use_case,autism_safety_tag,autism child safety tag india,/autism-child-safety-tag,keep_primary,new keyword research 2026,underserved high-need segment,,,,
special needs child id bracelet india,FamilySafety,transactional,IN,use_case,autism_safety_tag,autism child safety tag india,/autism-child-safety-tag,keep_secondary,autism family,,,,,
non-verbal child emergency id india,FamilySafety,transactional,IN,use_case,autism_safety_tag,autism child safety tag india,/autism-child-safety-tag,keep_secondary,autism family,,,,,
senior citizen safety tag india,FamilySafety,transactional,IN,use_case,senior_safety_tag,senior citizen safety tag india,/senior-citizen-safety-tag,keep_primary,new keyword research 2026,elderly segment,,,,
elderly qr id tag india,FamilySafety,transactional,IN,use_case,senior_safety_tag,senior citizen safety tag india,/senior-citizen-safety-tag,keep_secondary,elderly family,,,,,
dementia patient id tag india,FamilySafety,transactional,IN,use_case,senior_safety_tag,senior citizen safety tag india,/senior-citizen-safety-tag,keep_secondary,dementia/wandering use case,,,,,
child safety id for kumbh mela,FamilySafety,transactional,IN,use_case,kumbh_mela_safety,child safety id for kumbh mela,/family-safety-profile,keep_secondary,ultra-specific seasonal; massive crowd,,,,,
qr code wristband for kids india,FamilySafety,transactional,IN,technology,qr_wristband_kids,qr code wristband for kids india,/family-safety-profile,keep_secondary,tech variant,,,,,
child safety wristband vs gps tracker india,FamilySafety,commercial,IN,comparison,child_safety_vs_gps,child safety wristband vs gps tracker india,/family-safety-profile,keep_secondary,comparison content; no-subscription positioning,,,,,
nfc luggage tag india,Travel,transactional,IN,technology,nfc_luggage_tag,nfc luggage tag india,/travel-profile,keep_secondary,tech variant of luggage tag,,,,,
smart bag tag india,Travel,transactional,IN,none,smart_luggage_tag,smart luggage tag india,/travel-profile,keep_secondary,travel primary family,,,,,
digital luggage tag india,Travel,transactional,IN,none,digital_luggage_tag,digital luggage tag india,/travel-profile,keep_secondary,travel family,,,,,
smart luggage tag vs airtag india,Travel,commercial,IN,comparison,airtag_vs_luggage_tag,smart luggage tag vs airtag india,/airtag-alternative-luggage-tag,keep_primary,new keyword research 2026,high-traffic comparison; AirTag requires subscription,,,,
airtag alternative luggage tag india,Travel,comparison,IN,comparison,airtag_vs_luggage_tag,smart luggage tag vs airtag india,/airtag-alternative-luggage-tag,keep_secondary,comparison family,,,,,
luggage tag that hides your address india,Travel,transactional,IN,feature,privacy_luggage_tag,luggage tag that hides your address india,/travel-profile,keep_secondary,privacy feature long-tail,,,,,
nfc luggage tag india no app needed,Travel,transactional,IN,feature,nfc_luggage_tag,nfc luggage tag india,/travel-profile,keep_secondary,no-friction differentiator,,,,,
travel tag with whatsapp contact india,Travel,transactional,IN,feature,whatsapp_luggage_tag,travel tag with whatsapp contact india,/travel-profile,keep_secondary,India-specific WhatsApp preference,,,,,
pilgrimage luggage tag india,Travel,commercial,IN,use_case,pilgrimage_travel_tag,pilgrimage luggage tag india,/travel-profile,keep_secondary,Hajj Char Dham Vaishno Devi segment,,,,,
how to track lost luggage india,Travel,informational,IN,action,lost_luggage_india,how to track lost luggage india,/blog/how-to-track-lost-luggage-india,keep_primary,new blog keyword,problem-first; QR tag as solution,,,,
smart luggage tag mumbai buy,Travel,transactional,IN,geo,luggage_tag_mumbai,smart luggage tag mumbai,/travel-profile,keep_secondary,city modifier,,,,,
digital luggage tag corporate gift india,Travel,transactional,IN,use_case,corporate_gift_luggage_tag,digital luggage tag corporate gift india,/travel-profile,keep_secondary,B2B gifting angle,,,,,
bike safety qr sticker india,Vehicle,transactional,IN,vehicle_type,bike_qr_sticker,bike safety qr sticker india,/vehicle-profile,keep_secondary,two-wheeler dominant in India,,,,,
helmet qr sticker india,Vehicle,transactional,IN,vehicle_type,helmet_qr_sticker,helmet qr sticker india,/helmet-qr-sticker-india,keep_primary,new keyword research 2026,rider safety; two-wheeler segment,,,,
qr sticker for car windshield india,Vehicle,transactional,IN,none,vehicle_qr_sticker,vehicle qr code sticker,/vehicle-qr-code-sticker,keep_secondary,windshield specific,,,,,
two wheeler qr safety tag india,Vehicle,transactional,IN,vehicle_type,bike_qr_sticker,bike safety qr sticker india,/vehicle-profile,keep_secondary,two-wheeler family,,,,,
how to contact car owner for wrong parking india,Vehicle,informational,IN,action,wrong_parking_contact,parking contact qr code,/vehicle-qr-code-sticker,keep_secondary,massive urban search volume,,,,,
vehitag alternative,Vehicle,comparison,IN,comparison,vehitag_alternative,vehitag alternative,/vehitag-alternative,keep_primary,new keyword research 2026,competitor=VehiTag India,,,,
qrmycar alternative india,Vehicle,comparison,IN,comparison,qrmycar_alternative,qrmycar alternative india,/vehicle-profile,keep_secondary,competitor=QrMyCar,,,,,
car sticker to contact owner anonymously india,Vehicle,transactional,IN,feature,privacy_vehicle_sticker,car sticker to contact owner anonymously india,/vehicle-qr-code-sticker,keep_secondary,call masking / privacy angle,,,,,
delivery bike qr tag india,Vehicle,commercial,IN,use_case,delivery_rider_tag,delivery bike qr tag india,/blog/delivery-rider-safety-tag-india,keep_primary,new blog keyword,Zomato Swiggy delivery rider segment,,,,
wrong parking sticker mumbai,Vehicle,transactional,IN,geo,vehicle_sticker_mumbai,wrong parking sticker mumbai,/vehicle-qr-code-sticker,keep_secondary,city modifier,,,,,
bike qr safety tag chennai,Vehicle,transactional,IN,geo,vehicle_sticker_chennai,bike qr safety tag chennai,/vehicle-qr-code-sticker,keep_secondary,city modifier,,,,,
waterproof car qr sticker india,Vehicle,transactional,IN,quality,waterproof_vehicle_sticker,waterproof car qr sticker india,/vehicle-qr-code-sticker,keep_secondary,durability attribute; Indian climate,,,,
