  ,target_page_slug,contact_name,contact_email,status,first_contact_date,last_contact_date,next_follow_up_date,outcome,live_url,notes,,,,,,,,,,,,,,,,,,,,,,,,,,,,,,,,,,,,,,,,,
yourstory.com,/,Editorial Team, editorial@yourstory.com / tips@yourstory.com,"follow_up_2
",06-05-2026,22-05-2026, 28-05-2026,,,"Follow-up #1 sent 2026-05-15 — added WhatsApp masking adoption stat; reporter-first tip format""",,,,,,,,,,,,,,,,,,,,,,,,,,,,,,,,,,,,,,,,,
inc42.com,/digital-business-card-india,Editorial Team,press@inc42.com,not_started,,,,,,,,,,,,,,,,,,,,,,,,,,,,,,,,,,,,,,,,,,,,,,,
entrackr.com,/digital-business-card-india,Editorial Team, editor@entrackr.com / tips@entrackr.com,not_started,,,,,,,,,,,,,,,,,,,,,,,,,,,,,,,,,,,,,,,,,,,,,,,
businessworld.in,/nfc-business-card-india,Editorial Team, press@businessworld.in,not_started,,,,,,https://www.linkedin.com/company/bwbusinessworld/,,,,,,,,,,,,,,,,,,,,,,,,,,,,,,,,,,,,,,,,,
entrepreneur.com,/nfc-business-card-india,Contributor Team,support@entrepreneur.com,not_started,,,,,,https://www.entrepreneur.com/staff,,,,,,,,,,,,,,,,,,,,,,,,,,,,,,,,,,,,,,,,,
exchange4media.com,/digital-business-card-for-creators,Editorial Team,tasmayee.roy@exchange4media.com,not_started,,,,,,https://www.exchange4media.com/editorial-team.html,,,,,,,,,,,,,,,,,,,,,,,,,,,,,,,,,,,,,,,,,
socialsamosa.com,/digital-business-card-for-creators,Editorial Team,team@socialsamosa.com,not_started,,,,,,https://www.socialsamosa.com/contact-us/,,,,,,,,,,,,,,,,,,,,,,,,,,,,,,,,,,,,,,,,,
shoutmeloud.com,/linktree-alternative-for-creators,Harsh Agrawal,Harsh@ShoutMeLoud.com,not_started,,,,,,,,,,,,,,,,,,,,,,,,,,,,,,,,,,,,,,,,,,,,,,,
indianstartupnews.com,/hihello-alternative-india,Editorial Team, team@indianstartupnews.com,not_started,,,,,,https://indianstartupnews.com/page/contact-us,,,,,,,,,,,,,,,,,,,,,,,,,,,,,,,,,,,,,,,,,
vccircle.com,/popl-alternative-india,Editorial Team,grievance@vccircle.com,Closed,07-05-2026,22-05-2026,,,,No free collaboration,,,,,,,,,,,,,,,,,,,,,,,,,,,,,,,,,,,,,,,,,
expresshealthcare.in,/digital-business-card-for-doctors,Editorial Desk,editorial@expresshealthcare.in,not_started,,,,,,,,,,,,,,,,,,,,,,,,,,,,,,,,,,,,,,,,,,,,,,,
housing.com,/digital-business-card-for-real-estate-agents,Content Team,support@housing.com,not_started,,,,,,,,,,,,,,,,,,,,,,,,,,,,,,,,,,,,,,,,,,,,,,,
traveltriangle.com,/travel-profile,Editorial Team,customercare@traveltriangle.com,follow_up_3,"02-05-2026


",22-05-2026,28-05-2026,,,Follow-up #2 sent 2026-05-15 — added solo-women WhatsApp-masked emergency contact stat,,,,,,,,,,,,,,,,,,,,,,,,,,,,,,,,,,,,,,,,,
autocarindia.com,/vehicle-profile,Editorial Team,editorial@autocarindia.com, follow_up_2,04-05-2026,22-05-2026,28-05-2026,,,Follow-up #1 sent 2026-05-15 — added Delhi/Mumbai two-wheeler adoption stat with WhatsApp masking angle,,,,,,,,,,,,,,,,,,,,,,,,,,,,,,,,,,,,,,,,,
dev.to,/business-identity ,,support@dev.to,won,04-05-2026,04-05-2026, ,,https://dev.to/digital_profiletap/why-developers-and-founders-need-a-smart-identity-profile-beyond-linkedin-in-2026-159i,"Platform post — smart identity beyond LinkedIn — Nofollow, brand + referral value""",,,,,,,,,,,,,,,,,,,,,,,,,,,,,,,,,,,,,,,,,
dev.to,/business-identity,,support@dev.to,won,05-05-2026,05-05-2026, ,,https://dev.to/digital_profiletap/smart-identity-for-indian-founders-why-digital-business-card-is-thinking-too-small-4gdf,"Platform post — smart identity for founders — Nofollow, brand + referral value""",,,,,,,,,,,,,,,,,,,,,,,,,,,,,,,,,,,,,,,,,
substack.com,/business-identity,, press@substackinc.com,won,05-05-2026,05-05-2026, ,,https://substack.com/@profiletaps/p-196520216,,,,,,,,,,,,,,,,,,,,,,,,,,,,,,,,,,,,,,,,,,
livemint.com, /business-identity,Editorial Team,newsroom@livemint.com,won,06-05-2026,06-05-2026, ,,,,,,,,,,,,,,,,,,,,,,,,,,,,,,,,,,,,,,,,,,,,
dev.to,/business-identity ,ProfileTap Account,,won,06-05-2026,,,,https://dev.to/digital_profiletap/why-indian-startup-founders-need-smart-identity-management-in-2026-1l78,"Platform post — Nofollow, brand + referral value for India dev/founder audience"" — this is correct, leave as-is",,,,,,,,,,,,,,,,,,,,,,,,,,,,,,,,,,,,,,,,,
substack.com,/business-identity,ProfileTap Account,,won,06-05-2026,06-05-2026, ,,https://profiletaps.substack.com/p/india-has-10-crore-professionals," ""Platform post — Nofollow, brand + referral value for India startup/founder audience"" — correct, leave as-is",,,,,,,,,,,,,,,,,,,,,,,,,,,,,,,,,,,,,,,,,
economictimes.com,/,,editor@economictimes.com,won,06-05-2026,06-05-2026, ,,,,,,,,,,,,,,,,,,,,,,,,,,,,,,,,,,,,,,,,,,,,
 momjunction.com,/family-safety-profile,Editorial Team,editor@momjunction.com,won,07-05-2026,07-05-2026, ,,,,,,,,,,,,,,,,,,,,,,,,,,,,,,,,,,,,,,,,,,,,
substack.com ,/business-identity,,,won,07-05-2026,,,,https://profiletaps.substack.com/p/why-digital-business-card-is-the,Platform post — founder narrative targeting Indian business audience; /business-identity link embedded,,,,,,,,,,,,,,,,,,,,,,,,,,,,,,,,,,,,,,,,,
techcircle.in,/business-identity,Editorial Team,editor@techcircle.in,won,07-05-2026,07-05-2026, ,,,,,,,,,,,,,,,,,,,,,,,,,,,,,,,,,,,,,,,,,,,,
thrillophilia.com, /travel-profile ,Editorial Team,support@thrillophilia.com,won,08-05-2026,08-05-2026, ,,,,,,,,,,,,,,,,,,,,,,,,,,,,,,,,,,,,,,,,,,,,
medium.com, /travel-profile,,,won,08-05-2026,,,,https://medium.com/@digital_86972/why-every-indian-traveller-needs-a-qr-code-on-their-luggage-in-2026-2c7e10eec47c,Nofollow — Medium post — travel safety QR profile — India travel audience — brand distribution and referral traffic,,,,,,,,,,,,,,,,,,,,,,,,,,,,,,,,,,,,,,,,,
medium.com,/business-identity,,,won,08-05-2026,, ,,https://medium.com/@digital_86972/indias-professional-identity-problem-why-indian-founders-should-stop-sharing-their-personal-2dbe389aa1a8,Nofollow — Medium post — WhatsApp masking for Indian professionals — business identity angle — brand distribution and referral traffic,,,,,,,,,,,,,,,,,,,,,,,,,,,,,,,,,,,,,,,,,
dev.to,/business-identity,,,won,09-05-2026,,,,https://dev.to/digital_profiletap/why-your-developer-side-project-needs-a-smart-identity-profile-not-just-a-github-readme-4n9o,Nofollow — dev.to post — developer and founder audience — brand distribution and referral traffic,,,,,,,,,,,,,,,,,,,,,,,,,,,,,,,,,,,,,,,,,
substack.com ,/business-identity,,,won,09-05-2026,,,,https://profiletaps.substack.com/p/the-indian-professionals-hidden-identity,Nofollow — Substack newsletter post — India startup and founder audience — brand distribution and referral traffic,,,,,,,,,,,,,,,,,,,,,,,,,,,,,,,,,,,,,,,,,
quora.com,/blog/how-to-use-nfc-business-card,,,won,09-05-2026,,,,https://www.quora.com/What-is-the-best-option-to-digitalize-scan-Business-Cards/answer/Rutuja-Jadhav-735,"What is the best option to digitalize/scan Business Cards? [follower 30]  — temp target /blog/how-to-use-nfc-business-card (canonical /nfc-business-card-india blocked, planned status",,,,,,,,,,,,,,,,,,,,,,,,,,,,,,,,,,,,,, , ,,
reddit.com, /business-identity, , ,won,09-05-2026, , , ,https://www.reddit.com/r/indianstartups/comments/1so7mwb/comment/olihhoa/?utm_source=share&utm_medium=web3x&utm_name=web3xcss&utm_term=1&utm_content=share_button,"Reddit answer — r/[ r/indianstartups] — [I built a startup discovery platform for India. 100 launches happened in 3 days. Now I need your honest feedback.] — temp target /business-identity (canonical /hihello-alternative-india blocked, planned status)", , , , , , , , , , , , , , , , , , , , , , , , , , , , , , , , , , , , , , , , , 
reddit.com, /travel-profile,,,won,13-05-2026,,,,https://www.reddit.com/r/india/comments/1jzwrsd/comment/oliu89o/?utm_source=share&utm_medium=web3x&utm_name=web3xcss&utm_term=1&utm_content=share_button, r/[r/india] — [Is it actually unsafe to travel to India as a European girl?] — travel safety QR profile,,,,,,,,,,,,,,,,,,,,,,,,,,,,,,,,,,,,,,,,,
quora.com,/vehicle-profile,,,won,13-05-2026,,,,https://www.quora.com/What-is-the-best-QR-code-solution-for-vehicle-safety-in-India/answer/Rutuja-Jadhav-735?prompt_topic_bio=1,Quora answer — [What is the best QR code solution for vehicle safety in India?] — [] followers — vehicle parking contact India,,,,,,,,,,,,,,,,,,,,,,,,,,,,,,,,,,,,,,,,,
quora.com, /business-identity,,,won,14-05-2026,,,,https://www.quora.com/How-many-QR-codes-can-be-generated-1/answer/Rutuja-Jadhav-735?ch=10&oid=1477743907515832&share=02b7f7fe&srid=57hUgL&target_type=answer,Quora answer — [How many QR codes can be generated?] — [35] followers ,,,,,,,,,,,,,,,,,,,,,,,,,,,,,,,,,,,,,,,,,
producthunt.com,/,Platform listing (self-service),-,won,14-05-2026,,,,https://www.producthunt.com/products/profiletap-2?launch=profiletap-2,Nofollow — DA 91 — product launch platform — high-indexation brand citation,,,,,,,,,,,,,,,,,,,,,,,,,,,,,,,,,,,,,,,,,
hashnode.com, /vehicle-profile,,,won,15-05-2026,,,,https://hashnode.com/edit/cmp6i5eye003u1shx302x0o04,Dofollow — target keyword: vehicle qr code — ~800 words — vehicle hub — Thursday rotation,,,,,,,,,,,,,,,,,,,,,,,,,,,,,,,,,,,,,,,,,
reddit.com,/business-identity,,,won,16-05-2026,,,,https://www.reddit.com/r/smallbusiness/comments/1t9npt0/comment/omu540n/?utm_source=share&utm_medium=web3x&utm_name=web3xcss&utm_term=1&utm_content=share_button,"Reddit answer — r/[r/smallbusiness] — [Are QR business cards worth it in 2026?] — bare URL, business-identity hub",,,,,,,,,,,,,,,,,,,,,,,,,,,,,,,,,,,,,,,,,
dev.to, /family-safety-profile,,,won,16-05-2026,,,,https://dev.to/digital_profiletap/i-built-a-qr-code-safety-tag-for-my-kids-school-bag-the-privacy-problem-became-the-interesting-2l3i," Nofollow — Dev.to post — family safety hub diversification (first non-business-identity Dev.to entry) — developer-founder voice, India safety angle",,,,,,,,,,,,,,,,,,,,,,,,,,,,,,,,,,,,,,,,,
medium.com,/pet-id-profile,,,won,16-05-2026,,,,https://medium.com/p/a9b4a6c0abd3?postPublishedType=initial," Nofollow — Medium post — pet hub diversification (first pet-hub Medium entry) — emotional story angle, India pet recovery context",,,,,,,,,,,,,,,,,,,,,,,,,,,,,,,,,,,,,,,,,
quora.com,/family-safety-profile,,,won,18-05-2026,,,,https://www.quora.com/How-can-elderly-parents-have-emergency-contact-available-if-they-are-not-frequent-cellphone-users/answer/Rutuja-Jadhav-735,Quora answer — [How can elderly parents have emergency contact available if they are not frequent cellphone users?] — [ ] followers — family safety hub diversification,,,,,,,,,,,,,,,,,,,,,,,,,,,,,,,,,,,,,,,,,
quora.com,/business-identity,,,won,22-05-2026,,,,https://www.quora.com/What-is-the-best-free-QR-code-generator-for-businesses-and-restaurants/answer/Rutuja-Jadhav-735?ch=10&oid=1477743907532712&share=9541f1c6&srid=57hUgL&target_type=answer,Quora answer — [What is the best free QR code generator for businesses and restaurants?] — [ ] followers — family safety hub diversification,,,,,,,,,,,,,,,,,,,,,,,,,,,,,,,,,,,,,,,,,
saasworthy.com,/business-identity,,,contacted ,25-05-2026,,01-06-2026,,,Listicle inclusion request — No existing digital business card article found; requesting new 2026 roundup inclusion or database listing,,,,,,,,,,,,,,,,,,,,,,,,,,,,,,,,,,,,,,,,,
reddit.com,/digital-business-card-india (answer A),,,won,25-05-2026,,,,https://www.reddit.com/r/Entrepreneur/comments/1mptb7a/comment/onrgaab/?utm_source=share&utm_medium=web3x&utm_name=web3xcss&utm_term=1&utm_content=share_button,Reddit answer — r/[Entrepreneur] — [Revolutionize Your Networking: Effortless Digital NFC Business Cards],,,,,,,,,,,,,,,,,,,,,,,,,,,,,,,,,,,,,,,,,
quora.com, /digital-business-card-india ,,,won,25-05-2026,,,,https://www.quora.com/What-is-the-best-digital-business-card-service-in-India/answer/Rutuja-Jadhav-735?ch=10&oid=1477743908509091&share=ceac6bd1&srid=57hUgL&target_type=answer,Quora answer — [What is the best digital business card service in India?] -  followers,,,,,,,,,,,,,,,,,,,,,,,,,,,,,,,,,,,,,,,,,
